review_id,Clothing ID,split
2,1077,train
3,1049,train
8,1077,train
9,1077,train
10,1077,train
14,1077,train
15,1065,train
16,1065,train
18,1120,train
19,1077,train
22,1077,train
23,1077,train
27,1003,train
30,1060,train
31,1060,train
32,1060,train
35,1060,train
36,1002,train
39,862,train
40,862,train
41,862,train
42,910,train
44,862,train
45,862,train
46,862,train
48,910,train
49,862,train
50,862,train
51,862,train
53,862,train
54,862,train
55,862,train
57,862,train
62,862,train
63,862,train
64,862,train
65,862,train
66,862,train
67,862,train
68,862,train
69,1078,train
70,845,train
71,822,train
73,866,train
75,845,train
76,1082,train
81,863,train
82,1133,train
83,822,train
84,861,train
85,866,train
88,845,train
90,1078,train
95,863,train
96,845,train
97,861,train
99,861,train
100,861,train
101,863,train
102,822,train
103,822,train
104,863,train
110,861,train
114,1082,train
115,863,train
117,1078,train
120,861,train
121,966,train
124,923,train
126,1133,train
127,1133,train
128,966,train
129,863,train
130,845,train
132,861,train
133,966,train
134,845,train
136,966,train
138,126,train
139,1008,train
140,829,train
141,828,train
143,1008,train
144,829,train
145,828,train
146,1008,train
148,1008,train
149,1008,train
150,1008,train
151,1008,train
152,829,train
153,829,train
154,829,train
155,829,train
156,1008,train
157,523,train
158,829,train
159,829,train
160,1126,train
161,829,train
162,829,train
163,1008,train
164,1126,train
170,670,train
171,329,train
172,670,train
175,862,train
178,1094,train
187,596,train
188,1094,train
194,1098,train
196,862,train
204,828,train
206,862,train
209,862,train
212,1075,train
215,1094,train
217,828,train
218,1094,train
219,828,train
223,647,train
227,1066,train
228,840,train
229,1026,train
230,840,train
231,1066,train
232,840,train
233,1030,train
234,840,train
235,1066,train
236,647,train
237,1066,train
238,872,train
239,840,train
240,1066,train
241,647,train
242,1066,train
243,840,train
244,1066,train
245,872,train
246,1066,train
247,1115,train
249,1018,train
250,1026,train
251,840,train
252,1066,train
253,647,train
254,840,train
255,840,train
256,840,train
257,1018,train
258,840,train
259,824,train
260,1115,train
261,840,train
268,866,train
304,1131,train
312,844,train
317,844,train
322,844,train
324,1066,train
325,844,train
328,907,train
330,844,train
331,1103,train
332,866,train
333,907,train
334,844,train
339,844,train
340,844,train
343,907,train
344,844,train
347,907,train
348,844,train
350,844,train
351,844,train
352,844,train
354,907,train
357,907,train
358,862,train
365,862,train
366,862,train
367,844,train
375,859,train
376,862,train
377,1049,train
378,862,train
382,127,train
385,902,train
386,995,train
388,127,train
390,1086,train
394,127,train
396,127,train
398,902,train
399,995,train
402,1086,train
403,902,train
404,902,train
405,1094,train
406,1086,train
410,1094,train
411,1094,train
412,1086,train
413,127,train
414,127,train
415,1083,train
416,872,train
417,1083,train
420,1077,train
421,872,train
424,872,train
426,829,train
429,829,train
430,829,train
432,829,train
433,829,train
434,872,train
435,872,train
438,1030,train
440,1083,train
441,872,train
442,872,train
443,829,train
444,872,train
447,872,train
448,872,train
449,872,train
450,1077,train
452,872,train
454,872,train
457,829,train
458,829,train
459,872,train
460,872,train
464,833,train
465,862,train
467,1078,train
470,1078,train
473,204,train
474,1078,train
475,862,train
476,1078,train
478,1008,train
479,841,train
483,833,train
485,862,train
486,1078,train
490,833,train
492,1078,train
495,833,train
497,1078,train
499,1078,train
502,1078,train
505,833,train
506,1078,train
508,1078,train
509,1078,train
512,1078,train
515,833,train
525,1078,train
529,1078,train
532,833,train
533,1078,train
540,1078,train
543,1078,train
546,1078,train
548,833,train
550,1078,train
551,1078,train
557,1086,train
558,1044,train
559,820,train
560,1094,train
561,1094,train
563,1094,train
564,1060,train
565,833,train
569,820,train
573,820,train
575,1094,train
576,833,train
577,995,train
578,1094,train
582,833,train
583,1060,train
584,1094,train
585,835,train
586,1094,train
587,1094,train
590,835,train
591,833,train
592,833,train
593,820,train
594,835,train
595,1060,train
597,820,train
599,1060,train
601,835,train
602,1078,train
604,820,train
606,1094,train
607,833,train
609,1094,train
610,995,train
612,634,train
613,985,train
614,1059,train
615,985,train
616,1059,train
617,634,train
618,1059,train
620,634,train
624,634,train
627,634,train
628,1059,train
629,838,train
631,838,train
632,838,train
633,634,train
634,1059,train
635,634,train
636,1008,train
637,838,train
639,634,train
640,1059,train
641,1059,train
642,1059,train
643,634,train
644,1059,train
645,634,train
646,1059,train
647,985,train
649,1059,train
650,1059,train
652,1059,train
653,1059,train
655,1008,train
657,634,train
658,1008,train
660,838,train
661,1059,train
662,1059,train
664,1059,train
668,634,train
669,838,train
670,1008,train
671,1059,train
672,838,train
673,634,train
674,1059,train
675,1059,train
676,1059,train
677,1059,train
678,1008,train
680,886,train
681,1087,train
682,873,train
683,1087,train
684,886,train
688,1087,train
691,1059,train
692,1110,train
693,1059,train
694,1110,train
695,873,train
696,886,train
697,1087,train
699,1110,train
700,886,train
702,886,train
704,1165,train
706,1110,train
708,1059,train
712,1110,train
713,1110,train
714,886,train
716,886,train
719,873,train
721,886,train
722,873,train
723,886,train
724,245,train
725,886,train
726,886,train
727,1087,train
729,1087,train
730,1087,train
731,886,train
733,886,train
734,1110,train
735,1165,train
739,1087,train
741,886,train
742,886,train
743,1087,train
746,886,train
748,886,train
749,886,train
752,1087,train
754,1087,train
755,1087,train
756,886,train
757,886,train
759,245,train
761,886,train
764,1087,train
767,1087,train
770,1110,train
771,1087,train
773,1087,train
774,1110,train
775,1110,train
776,873,train
782,945,train
785,945,train
787,805,train
792,805,train
793,945,train
794,833,train
795,833,train
796,833,train
798,833,train
802,833,train
807,886,train
808,886,train
809,886,train
810,886,train
811,1078,train
814,886,train
816,1105,train
817,886,train
818,886,train
819,886,train
821,886,train
822,1078,train
823,1060,train
824,886,train
825,886,train
828,886,train
832,886,train
836,886,train
837,886,train
838,886,train
840,1078,train
842,975,train
843,975,train
844,886,train
846,1078,train
847,1060,train
848,886,train
849,886,train
850,886,train
851,886,train
852,1078,train
853,1078,train
854,1078,train
856,886,train
859,886,train
860,886,train
862,975,train
863,886,train
864,1078,train
866,1060,train
868,975,train
869,886,train
870,975,train
872,1026,train
874,1055,train
876,2,train
879,1026,train
882,1055,train
883,1055,train
884,1026,train
886,1086,train
887,1055,train
888,1026,train
890,754,train
896,861,train
897,1008,train
899,1066,train
900,1008,train
903,861,train
904,1066,train
905,1008,train
907,1008,train
908,862,train
909,1008,train
912,1111,train
913,1066,train
914,80,train
915,1008,train
916,861,train
917,862,train
918,1066,train
919,1008,train
920,1066,train
921,1066,train
922,1008,train
923,861,train
924,1028,train
926,1008,train
927,1008,train
930,1066,train
931,862,train
933,1066,train
934,1066,train
935,1066,train
936,1047,train
937,1094,train
941,1094,train
942,1094,train
943,154,train
944,1094,train
945,1094,train
946,154,train
947,1140,train
948,154,train
950,1094,train
951,158,train
953,154,train
954,1094,train
956,1094,train
959,1154,train
962,154,train
964,154,train
965,1140,train
967,1047,train
970,1094,train
972,1094,train
975,1094,train
976,154,train
978,1094,train
979,154,train
980,1094,train
982,1094,train
984,1094,train
986,1145,train
993,1094,train
995,1047,train
998,854,train
1000,154,train
1007,1047,train
1008,1094,train
1011,1047,train
1012,1094,train
1015,1094,train
1017,1154,train
1022,854,train
1025,1094,train
1027,1047,train
1028,1083,train
1032,909,train
1034,873,train
1035,873,train
1036,909,train
1037,1083,train
1038,873,train
1039,1172,train
1040,1083,train
1043,909,train
1044,864,train
1047,873,train
1048,873,train
1052,873,train
1054,873,train
1055,864,train
1056,864,train
1057,873,train
1058,873,train
1060,1083,train
1061,909,train
1065,864,train
1066,864,train
1067,873,train
1069,1001,train
1070,829,train
1074,738,train
1076,1094,train
1078,1001,train
1082,987,train
1087,829,train
1089,829,train
1090,829,train
1094,1001,train
1095,829,train
1102,829,train
1110,877,train
1111,1068,train
1113,1068,train
1115,1068,train
1118,1068,train
1121,777,train
1127,777,train
1128,777,train
1133,777,train
1135,1068,train
1136,1068,train
1141,1068,train
1144,993,train
1146,777,train
1147,197,train
1149,1068,train
1153,1060,train
1155,1060,train
1156,1094,train
1157,1060,train
1158,1110,train
1159,235,train
1160,720,train
1161,1098,train
1163,1060,train
1164,1060,train
1165,1110,train
1166,1082,train
1167,1060,train
1168,1060,train
1169,1060,train
1171,1060,train
1172,1060,train
1173,1110,train
1174,1060,train
1175,235,train
1177,1094,train
1178,1204,train
1179,1204,train
1180,1082,train
1182,1060,train
1183,1098,train
1184,1060,train
1185,1060,train
1186,1060,train
1187,1060,train
1188,1060,train
1189,1060,train
1191,1094,train
1192,1082,train
1193,720,train
1194,1060,train
1195,720,train
1196,1110,train
1197,1094,train
1198,1060,train
1199,720,train
1200,720,train
1204,1060,train
1205,1094,train
1208,1110,train
1209,1094,train
1210,1060,train
1211,1060,train
1213,1094,train
1214,1094,train
1216,1028,train
1224,1028,train
1230,1028,train
1231,1055,train
1236,1094,train
1242,1094,train
1255,1094,train
1292,873,train
1301,1028,train
1313,873,train
1320,865,train
1322,819,train
1323,865,train
1325,819,train
1326,819,train
1328,865,train
1335,1003,train
1340,1098,train
1341,1098,train
1342,825,train
1343,708,train
1347,946,train
1348,1098,train
1350,1098,train
1352,1098,train
1353,1098,train
1355,946,train
1360,861,train
1361,1098,train
1362,825,train
1364,861,train
1365,1110,train
1370,946,train
1371,946,train
1381,946,train
1382,1110,train
1383,1083,train
1385,861,train
1388,1110,train
1389,1098,train
1390,1083,train
1391,946,train
1393,1098,train
1398,1110,train
1399,1110,train
1403,1110,train
1405,1094,train
1407,1094,train
1408,230,train
1414,1094,train
1415,744,train
1417,1094,train
1420,1094,train
1421,1094,train
1426,1094,train
1428,1094,train
1430,775,train
1432,1094,train
1433,1094,train
1434,1094,train
1435,1094,train
1440,1087,train
1443,1094,train
1444,1094,train
1445,1087,train
1446,1094,train
1447,1094,train
1451,829,train
1452,1175,train
1455,829,train
1456,411,train
1457,411,train
1459,829,train
1460,829,train
1461,829,train
1462,411,train
1463,839,train
1464,411,train
1465,839,train
1467,829,train
1468,411,train
1472,829,train
1473,829,train
1476,1027,train
1477,1098,train
1478,829,train
1480,1066,train
1487,1066,train
1488,1027,train
1489,829,train
1494,1066,train
1497,1066,train
1499,829,train
1500,1003,train
1502,1008,train
1505,1098,train
1508,863,train
1510,977,train
1513,865,train
1524,485,train
1532,977,train
1537,865,train
1543,1122,train
1556,862,train
1557,1078,train
1558,1078,train
1559,1077,train
1560,1078,train
1561,985,train
1563,996,train
1564,864,train
1566,1046,train
1567,864,train
1568,985,train
1569,1078,train
1570,862,train
1571,1046,train
1572,862,train
1575,985,train
1576,864,train
1578,1078,train
1580,1078,train
1581,862,train
1583,1046,train
1585,1059,train
1586,1059,train
1587,1094,train
1588,833,train
1589,1051,train
1590,833,train
1591,115,train
1593,1094,train
1595,115,train
1596,1059,train
1597,1078,train
1598,833,train
1599,1051,train
1600,1059,train
1601,1059,train
1602,1059,train
1603,1051,train
1604,1059,train
1605,1078,train
1606,1051,train
1607,833,train
1608,1051,train
1609,1059,train
1610,1051,train
1612,1051,train
1613,1053,train
1614,1059,train
1615,825,train
1616,1059,train
1617,1094,train
1619,1078,train
1621,833,train
1622,1059,train
1623,1059,train
1624,1059,train
1625,1078,train
1626,1051,train
1627,1059,train
1628,1059,train
1629,1051,train
1630,833,train
1631,1094,train
1633,1094,train
1634,1094,train
1638,1051,train
1639,833,train
1640,1051,train
1641,1094,train
1642,1059,train
1644,1013,train
1645,1044,train
1646,835,train
1647,1059,train
1648,835,train
1649,857,train
1652,835,train
1653,835,train
1654,434,train
1661,835,train
1662,835,train
1663,835,train
1665,835,train
1666,835,train
1669,1059,train
1670,835,train
1671,1059,train
1672,1059,train
1674,835,train
1675,835,train
1676,835,train
1680,178,train
1683,899,train
1684,914,train
1686,225,train
1687,841,train
1688,862,train
1690,862,train
1691,225,train
1692,899,train
1693,862,train
1694,899,train
1695,862,train
1696,899,train
1697,862,train
1698,899,train
1699,862,train
1701,225,train
1705,862,train
1707,862,train
1708,899,train
1709,899,train
1710,398,train
1714,862,train
1715,225,train
1716,899,train
1719,899,train
1721,225,train
1723,431,train
1724,862,train
1726,899,train
1728,225,train
1730,862,train
1731,862,train
1732,841,train
1733,899,train
1734,841,train
1735,830,train
1739,1008,train
1740,830,train
1744,830,train
1746,1008,train
1748,1008,train
1749,1008,train
1751,1008,train
1754,1008,train
1757,1008,train
1758,1013,train
1759,1027,train
1763,1008,train
1765,1008,train
1767,825,train
1768,825,train
1776,1008,train
1778,1008,train
1779,1008,train
1782,1008,train
1784,825,train
1785,825,train
1788,825,train
1791,825,train
1794,825,train
1795,825,train
1796,1008,train
1798,825,train
1799,1008,train
1800,921,train
1803,1030,train
1808,822,train
1810,1094,train
1811,994,train
1813,481,train
1814,481,train
1818,481,train
1819,481,train
1820,902,train
1821,1054,train
1822,1094,train
1823,1026,train
1825,1054,train
1827,994,train
1830,1094,train
1831,1001,train
1833,903,train
1834,1026,train
1836,1094,train
1837,1094,train
1838,481,train
1840,994,train
1841,1094,train
1843,1026,train
1845,1026,train
1846,1026,train
1847,1094,train
1852,481,train
1854,857,train
1856,481,train
1857,1094,train
1858,1094,train
1859,857,train
1860,1094,train
1861,1026,train
1862,1026,train
1863,903,train
1864,1054,train
1865,1094,train
1868,1094,train
1869,857,train
1871,1094,train
1872,1094,train
1873,1001,train
1875,857,train
1876,1054,train
1879,1059,train
1880,1066,train
1881,1094,train
1883,1066,train
1884,828,train
1886,1059,train
1887,1059,train
1888,1066,train
1890,838,train
1892,828,train
1893,898,train
1896,1066,train
1900,1066,train
1901,1066,train
1902,1066,train
1904,1078,train
1905,1094,train
1907,1059,train
1909,1066,train
1910,1146,train
1911,206,train
1912,1066,train
1913,1059,train
1914,1066,train
1915,1082,train
1917,1066,train
1918,1066,train
1920,828,train
1921,1066,train
1922,1066,train
1923,828,train
1924,1059,train
1925,1078,train
1926,1082,train
1927,1059,train
1929,1066,train
1934,1009,train
1935,1092,train
1936,872,train
1937,1016,train
1939,862,train
1940,1092,train
1941,1016,train
1942,862,train
1943,1092,train
1944,862,train
1945,1016,train
1946,1016,train
1947,862,train
1948,872,train
1949,1092,train
1950,807,train
1952,1016,train
1953,872,train
1954,1016,train
1956,1009,train
1958,1009,train
1959,872,train
1960,1016,train
1961,1009,train
1962,1092,train
1963,1083,train
1964,1009,train
1965,1016,train
1966,1009,train
1967,1009,train
1968,862,train
1969,872,train
1970,862,train
1971,1016,train
1972,1016,train
1973,1092,train
1974,1092,train
1975,862,train
1976,872,train
1977,1016,train
1979,807,train
1980,807,train
1981,872,train
1982,1092,train
1983,862,train
1984,1016,train
1986,1009,train
1989,872,train
1993,1146,train
1998,164,train
1999,1110,train
2000,1083,train
2001,1083,train
2002,1044,train
2004,1110,train
2005,1083,train
2008,1083,train
2009,164,train
2010,1083,train
2011,862,train
2012,862,train
2014,1110,train
2016,862,train
2021,1110,train
2023,1044,train
2024,862,train
2025,1075,train
2027,1083,train
2028,862,train
2029,1110,train
2032,1083,train
2035,872,train
2039,862,train
2041,862,train
2043,896,train
2044,872,train
2045,1068,train
2046,1092,train
2048,1092,train
2049,1092,train
2050,872,train
2054,1092,train
2055,896,train
2057,862,train
2058,862,train
2060,1092,train
2061,1126,train
2062,896,train
2064,896,train
2065,872,train
2068,872,train
2069,1126,train
2071,862,train
2073,862,train
2076,896,train
2077,872,train
2083,896,train
2084,1126,train
2085,862,train
2087,872,train
2089,862,train
2091,862,train
2092,1092,train
2093,896,train
2094,872,train
2098,896,train
2099,1092,train
2100,862,train
2101,1092,train
2102,1092,train
2104,896,train
2105,896,train
2106,1092,train
2107,1126,train
2108,1126,train
2109,1092,train
2110,862,train
2111,1068,train
2112,1111,train
2113,896,train
2114,1092,train
2116,1092,train
2117,1092,train
2119,862,train
2124,1092,train
2126,872,train
2128,862,train
2129,862,train
2130,872,train
2131,862,train
2132,872,train
2133,896,train
2135,896,train
2136,1126,train
2139,872,train
2142,872,train
2144,911,train
2145,872,train
2146,872,train
2147,872,train
2148,872,train
2150,872,train
2153,1086,train
2154,160,train
2155,872,train
2156,872,train
2157,872,train
2158,1052,train
2159,1086,train
2161,872,train
2162,872,train
2166,872,train
2167,872,train
2169,1086,train
2170,1094,train
2171,876,train
2173,872,train
2177,872,train
2178,872,train
2179,872,train
2180,872,train
2181,872,train
2182,876,train
2183,872,train
2184,1086,train
2186,872,train
2189,872,train
2190,876,train
2191,872,train
2193,1052,train
2196,1086,train
2198,872,train
2199,872,train
2201,872,train
2202,870,train
2203,1086,train
2205,1086,train
2206,1102,train
2207,872,train
2208,1102,train
2210,872,train
2212,1052,train
2213,1086,train
2215,876,train
2216,1052,train
2218,870,train
2220,872,train
2221,870,train
2222,872,train
2224,872,train
2225,870,train
2226,1086,train
2228,872,train
2229,876,train
2232,1082,train
2233,872,train
2235,1086,train
2237,1102,train
2238,872,train
2239,872,train
2240,872,train
2241,1086,train
2243,870,train
2246,872,train
2247,876,train
2249,876,train
2250,1052,train
2252,129,train
2256,129,train
2257,129,train
2262,822,train
2263,129,train
2266,129,train
2267,418,train
2268,129,train
2269,822,train
2270,418,train
2273,129,train
2274,822,train
2275,941,train
2276,129,train
2280,1083,train
2284,129,train
2289,828,train
2290,1094,train
2291,1094,train
2292,1094,train
2293,1094,train
2294,1094,train
2296,1094,train
2298,828,train
2301,1094,train
2302,1094,train
2303,1028,train
2304,828,train
2305,517,train
2306,1094,train
2307,935,train
2308,1094,train
2309,828,train
2310,1094,train
2311,828,train
2314,1028,train
2318,1094,train
2319,1094,train
2320,1094,train
2321,825,train
2324,828,train
2326,1094,train
2328,1094,train
2331,835,train
2332,835,train
2334,1047,train
2335,1047,train
2338,835,train
2339,835,train
2340,835,train
2341,844,train
2342,132,train
2343,1047,train
2344,993,train
2346,1047,train
2347,132,train
2348,844,train
2349,835,train
2350,132,train
2351,844,train
2352,1047,train
2353,993,train
2355,1047,train
2356,835,train
2358,835,train
2359,1047,train
2360,1047,train
2361,835,train
2363,1047,train
2364,1047,train
2365,1047,train
2366,872,train
2368,1047,train
2369,872,train
2370,844,train
2371,1028,train
2372,1047,train
2373,132,train
2374,1110,train
2376,1078,train
2378,1110,train
2379,1078,train
2380,1110,train
2381,1110,train
2382,1110,train
2383,873,train
2384,1110,train
2386,873,train
2388,873,train
2389,1002,train
2390,873,train
2392,873,train
2393,1078,train
2394,873,train
2395,1078,train
2398,873,train
2399,1078,train
2400,873,train
2401,1110,train
2402,1110,train
2403,873,train
2404,1078,train
2407,873,train
2408,1110,train
2409,1110,train
2411,1110,train
2413,1078,train
2415,1110,train
2419,1110,train
2420,798,train
2423,341,train
2424,341,train
2425,873,train
2426,1110,train
2427,939,train
2428,820,train
2429,872,train
2431,820,train
2433,861,train
2436,939,train
2442,820,train
2445,939,train
2447,859,train
2451,861,train
2452,820,train
2454,872,train
2456,861,train
2457,861,train
2460,820,train
2462,872,train
2464,861,train
2467,820,train
2472,753,train
2473,820,train
2475,872,train
2477,1027,train
2478,872,train
2479,820,train
2481,753,train
2483,939,train
2484,1078,train
2486,939,train
2489,939,train
2490,872,train
2491,1078,train
2492,1078,train
2493,939,train
2494,1078,train
2496,1078,train
2497,1078,train
2498,1077,train
2499,939,train
2500,1078,train
2501,1077,train
2502,1078,train
2503,939,train
2504,1078,train
2505,996,train
2506,1078,train
2507,1078,train
2508,1078,train
2510,839,train
2511,1077,train
2513,996,train
2514,1078,train
2515,1078,train
2516,1078,train
2517,1078,train
2518,1078,train
2521,1078,train
2522,1078,train
2523,1078,train
2524,1078,train
2525,872,train
2526,1078,train
2527,1078,train
2528,862,train
2529,988,train
2532,870,train
2533,1054,train
2538,870,train
2546,1054,train
2547,870,train
2552,870,train
2555,870,train
2556,900,train
2557,900,train
2562,900,train
2563,870,train
2568,1054,train
2570,1054,train
2572,900,train
2573,864,train
2574,870,train
2576,1054,train
2577,1054,train
2578,1110,train
2579,18,train
2581,1110,train
2583,1110,train
2584,1110,train
2585,1110,train
2586,1110,train
2587,1110,train
2588,1110,train
2589,1110,train
2590,975,train
2591,1110,train
2592,863,train
2594,1110,train
2596,1110,train
2599,1110,train
2600,975,train
2601,1110,train
2602,975,train
2603,863,train
2604,659,train
2606,1110,train
2607,1110,train
2608,863,train
2609,1059,train
2610,1059,train
2613,829,train
2615,829,train
2616,1044,train
2617,829,train
2619,829,train
2620,829,train
2621,1111,train
2622,1082,train
2623,1044,train
2624,1044,train
2627,1059,train
2628,829,train
2630,945,train
2631,1059,train
2632,1044,train
2633,829,train
2634,1059,train
2635,598,train
2636,1086,train
2637,649,train
2639,1044,train
2640,828,train
2641,649,train
2642,945,train
2643,1044,train
2644,598,train
2645,1059,train
2646,935,train
2647,829,train
2648,1044,train
2649,1059,train
2650,1044,train
2652,1059,train
2653,1044,train
2654,282,train
2655,282,train
2656,282,train
2657,52,train
2658,282,train
2659,859,train
2660,282,train
2662,282,train
2663,282,train
2665,1128,train
2668,282,train
2669,282,train
2670,282,train
2671,859,train
2672,282,train
2673,282,train
2674,282,train
2675,282,train
2676,1131,train
2677,282,train
2679,282,train
2680,52,train
2682,282,train
2683,282,train
2684,282,train
2685,282,train
2686,282,train
2687,282,train
2688,282,train
2690,282,train
2693,282,train
2695,282,train
2696,817,train
2697,859,train
2699,282,train
2700,282,train
2702,282,train
2703,1128,train
2704,282,train
2705,282,train
2707,862,train
2708,282,train
2709,817,train
2710,282,train
2711,282,train
2712,282,train
2714,1094,train
2715,1086,train
2717,1030,train
2718,872,train
2720,872,train
2721,945,train
2722,1094,train
2723,945,train
2724,1094,train
2725,872,train
2727,1094,train
2728,21,train
2729,1094,train
2731,1094,train
2732,872,train
2733,1086,train
2734,988,train
2735,872,train
2736,872,train
2737,988,train
2738,921,train
2740,1086,train
2741,872,train
2742,1094,train
2744,872,train
2746,1086,train
2749,872,train
2750,1094,train
2752,872,train
2753,1086,train
2754,1094,train
2756,872,train
2758,1086,train
2762,1086,train
2765,1086,train
2768,972,train
2774,864,train
2780,864,train
2783,864,train
2791,909,train
2792,491,train
2793,997,train
2796,864,train
2797,997,train
2798,1009,train
2804,864,train
2810,843,train
2812,869,train
2814,521,train
2816,1028,train
2817,1084,train
2819,1083,train
2821,1084,train
2822,788,train
2827,1093,train
2843,20,train
2845,863,train
2846,212,train
2849,863,train
2850,863,train
2851,863,train
2852,1103,train
2853,995,train
2854,863,train
2855,863,train
2856,863,train
2857,829,train
2859,829,train
2860,863,train
2861,829,train
2862,863,train
2863,863,train
2864,863,train
2867,863,train
2868,829,train
2869,863,train
2871,863,train
2872,829,train
2878,995,train
2879,863,train
2880,829,train
2881,829,train
2883,829,train
2884,863,train
2885,863,train
2886,829,train
2887,829,train
2888,863,train
2889,863,train
2890,863,train
2891,863,train
2892,863,train
2893,863,train
2894,829,train
2896,863,train
2897,863,train
2898,829,train
2900,863,train
2901,863,train
2902,829,train
2904,863,train
2907,863,train
2909,863,train
2910,995,train
2913,995,train
2914,829,train
2918,995,train
2919,863,train
2920,863,train
2921,863,train
2922,829,train
2923,863,train
2925,863,train
2926,863,train
2929,863,train
2930,863,train
2933,863,train
2934,995,train
2935,829,train
2940,838,train
2943,863,train
2944,863,train
2945,863,train
2948,863,train
2949,1090,train
2950,1094,train
2951,873,train
2952,1094,train
2953,1094,train
2955,1094,train
2957,1001,train
2958,1094,train
2960,1078,train
2961,854,train
2962,1094,train
2963,873,train
2964,873,train
2965,1094,train
2966,1094,train
2967,854,train
2968,873,train
2970,854,train
2971,1094,train
2972,873,train
2973,1094,train
2974,873,train
2975,1078,train
2976,1094,train
2977,1078,train
2978,1094,train
2979,1094,train
2981,1001,train
2982,1094,train
2983,1094,train
2984,862,train
2985,1082,train
2986,1082,train
2987,862,train
2988,862,train
2989,1082,train
2990,862,train
2992,862,train
2993,1082,train
2994,1092,train
2995,999,train
2997,302,train
2998,862,train
2999,862,train
3001,1082,train
3002,862,train
3003,999,train
3004,999,train
3005,1082,train
3006,862,train
3007,862,train
3008,1082,train
3009,862,train
3010,1082,train
3011,1082,train
3012,1028,train
3013,1044,train
3014,1082,train
3015,1082,train
3017,862,train
3019,999,train
3020,862,train
3022,999,train
3023,302,train
3024,1082,train
3025,862,train
3026,862,train
3027,862,train
3029,862,train
3030,1082,train
3031,862,train
3032,1094,train
3033,999,train
3034,1082,train
3035,862,train
3036,1082,train
3038,1044,train
3039,1092,train
3041,781,train
3043,862,train
3044,1082,train
3046,872,train
3049,907,train
3051,872,train
3053,505,train
3055,907,train
3057,907,train
3058,907,train
3060,872,train
3061,872,train
3062,907,train
3066,505,train
3067,1009,train
3068,872,train
3069,907,train
3073,374,train
3074,153,train
3075,1009,train
3076,907,train
3079,1009,train
3080,907,train
3081,505,train
3083,872,train
3084,505,train
3085,872,train
3087,374,train
3088,1009,train
3089,872,train
3090,374,train
3095,374,train
3096,907,train
3098,907,train
3100,374,train
3101,872,train
3102,907,train
3105,906,train
3106,862,train
3108,285,train
3110,906,train
3111,862,train
3112,909,train
3113,906,train
3114,862,train
3115,835,train
3116,835,train
3117,933,train
3118,906,train
3119,903,train
3121,862,train
3122,862,train
3123,906,train
3124,862,train
3125,835,train
3126,862,train
3127,835,train
3129,862,train
3130,835,train
3131,862,train
3132,906,train
3133,903,train
3134,906,train
3135,835,train
3136,906,train
3137,835,train
3138,862,train
3139,909,train
3140,862,train
3141,909,train
3142,835,train
3143,862,train
3144,862,train
3145,862,train
3148,903,train
3149,835,train
3150,906,train
3151,862,train
3152,412,train
3153,906,train
3154,906,train
3156,1054,train
3157,862,train
3158,862,train
3159,909,train
3160,906,train
3161,906,train
3162,906,train
3163,909,train
3164,835,train
3165,862,train
3166,546,train
3169,909,train
3171,862,train
3172,862,train
3173,862,train
3174,862,train
3175,835,train
3176,835,train
3177,909,train
3178,909,train
3179,862,train
3180,909,train
3181,906,train
3182,862,train
3183,862,train
3185,903,train
3187,835,train
3188,909,train
3189,862,train
3192,909,train
3193,906,train
3194,909,train
3196,906,train
3197,909,train
3198,835,train
3199,909,train
3200,933,train
3201,862,train
3202,862,train
3204,862,train
3205,862,train
3206,909,train
3207,862,train
3208,835,train
3209,906,train
3210,903,train
3211,862,train
3212,906,train
3213,862,train
3214,862,train
3215,906,train
3216,862,train
3217,862,train
3218,909,train
3219,862,train
3220,835,train
3222,1009,train
3227,945,train
3228,1077,train
3230,945,train
3231,543,train
3233,839,train
3234,945,train
3240,945,train
3244,1094,train
3245,839,train
3246,1009,train
3247,1054,train
3248,1054,train
3250,1043,train
3252,1054,train
3256,512,train
3260,1094,train
3261,945,train
3262,839,train
3267,945,train
3268,543,train
3272,945,train
3280,839,train
3282,1084,train
3283,872,train
3284,872,train
3285,877,train
3287,1084,train
3288,422,train
3291,872,train
3295,872,train
3296,422,train
3299,1084,train
3300,872,train
3301,872,train
3302,872,train
3305,1084,train
3307,872,train
3310,1084,train
3311,1084,train
3314,872,train
3315,1084,train
3318,422,train
3325,1052,train
3330,877,train
3332,872,train
3333,872,train
3335,872,train
3336,872,train
3338,872,train
3341,883,train
3343,1092,train
3344,883,train
3346,883,train
3347,883,train
3350,458,train
3351,1092,train
3353,833,train
3355,883,train
3356,833,train
3361,883,train
3362,1092,train
3363,883,train
3364,883,train
3365,1092,train
3367,883,train
3368,883,train
3370,1092,train
3372,883,train
3373,883,train
3375,883,train
3377,1092,train
3378,883,train
3380,883,train
3381,883,train
3385,1092,train
3386,986,train
3387,854,train
3390,833,train
3395,1092,train
3397,883,train
3406,1092,train
3407,883,train
3409,883,train
3410,841,train
3416,1056,train
3417,1056,train
3419,1094,train
3420,939,train
3421,1056,train
3422,939,train
3423,1056,train
3424,898,train
3425,854,train
3426,1056,train
3427,1056,train
3428,1056,train
3429,872,train
3430,898,train
3431,939,train
3432,1056,train
3433,939,train
3435,1056,train
3436,1094,train
3437,841,train
3439,1056,train
3440,898,train
3441,683,train
3442,854,train
3443,872,train
3444,939,train
3445,1056,train
3446,841,train
3447,898,train
3448,872,train
3449,1056,train
3450,1056,train
3451,1056,train
3452,1056,train
3453,1056,train
3454,1056,train
3455,1056,train
3457,1056,train
3458,1056,train
3459,939,train
3460,939,train
3461,828,train
3462,854,train
3463,939,train
3464,898,train
3465,1056,train
3466,939,train
3467,1056,train
3468,828,train
3469,1056,train
3470,1056,train
3471,1056,train
3472,1056,train
3473,939,train
3474,1056,train
3475,939,train
3476,872,train
3477,1056,train
3478,959,train
3479,854,train
3481,872,train
3482,1056,train
3483,939,train
3485,1056,train
3486,854,train
3487,1056,train
3488,1056,train
3489,939,train
3491,898,train
3492,898,train
3493,1056,train
3494,1094,train
3495,854,train
3498,1070,train
3499,872,train
3500,872,train
3501,872,train
3502,872,train
3503,872,train
3504,1070,train
3506,872,train
3507,872,train
3508,1070,train
3509,1070,train
3510,872,train
3511,872,train
3512,1070,train
3513,872,train
3514,955,train
3517,844,train
3518,844,train
3519,872,train
3520,872,train
3521,797,train
3523,872,train
3526,872,train
3527,872,train
3529,872,train
3530,872,train
3531,872,train
3532,872,train
3533,872,train
3536,1077,train
3537,869,train
3538,869,train
3539,1077,train
3540,1077,train
3542,869,train
3543,1077,train
3544,1077,train
3545,869,train
3546,1077,train
3548,1077,train
3549,1077,train
3551,1077,train
3553,1077,train
3555,1077,train
3556,830,train
3557,1031,train
3559,1077,train
3560,869,train
3561,869,train
3562,433,train
3563,1077,train
3565,869,train
3566,1077,train
3567,869,train
3568,1077,train
3569,1077,train
3570,433,train
3572,813,train
3574,1077,train
3575,1077,train
3576,869,train
3577,1077,train
3579,1077,train
3580,950,train
3581,1077,train
3582,1077,train
3584,869,train
3585,903,train
3586,1077,train
3589,1031,train
3590,869,train
3592,1077,train
3593,950,train
3594,1077,train
3595,869,train
3596,1077,train
3597,1077,train
3598,869,train
3599,869,train
3600,1077,train
3601,1077,train
3602,1077,train
3603,1077,train
3604,1077,train
3608,903,train
3609,1008,train
3611,1094,train
3612,1094,train
3613,854,train
3615,854,train
3616,1094,train
3617,854,train
3618,854,train
3619,1094,train
3620,854,train
3621,854,train
3622,854,train
3623,1094,train
3625,835,train
3627,903,train
3628,838,train
3629,854,train
3630,903,train
3631,854,train
3632,1094,train
3633,1094,train
3635,835,train
3636,854,train
3637,1094,train
3638,1094,train
3641,1094,train
3642,854,train
3644,903,train
3645,1094,train
3648,1094,train
3649,854,train
3650,1094,train
3651,965,train
3652,1008,train
3653,872,train
3654,1030,train
3657,965,train
3658,872,train
3659,1049,train
3660,1030,train
3661,872,train
3662,872,train
3664,872,train
3665,872,train
3667,1008,train
3668,1111,train
3669,965,train
3670,872,train
3671,872,train
3672,872,train
3673,1049,train
3675,547,train
3676,547,train
3677,872,train
3680,872,train
3681,872,train
3682,965,train
3683,872,train
3684,872,train
3686,872,train
3687,965,train
3688,1049,train
3689,965,train
3690,872,train
3691,1049,train
3692,965,train
3695,899,train
3696,1008,train
3698,965,train
3699,1030,train
3701,965,train
3705,1078,train
3707,1078,train
3708,1078,train
3709,1078,train
3710,1030,train
3713,835,train
3715,1059,train
3718,835,train
3719,1078,train
3720,1078,train
3727,835,train
3731,996,train
3734,1078,train
3735,1078,train
3737,996,train
3739,1078,train
3741,464,train
3742,996,train
3744,1078,train
3746,1078,train
3749,835,train
3751,1078,train
3752,1078,train
3755,613,train
3756,1078,train
3757,861,train
3758,1091,train
3759,1091,train
3760,1195,train
3761,1091,train
3762,1091,train
3763,1086,train
3764,861,train
3765,861,train
3766,1091,train
3767,1086,train
3768,861,train
3769,1086,train
3772,1091,train
3775,1091,train
3776,1091,train
3777,861,train
3778,1086,train
3779,1195,train
3781,1086,train
3782,1091,train
3783,959,train
3784,1086,train
3785,1086,train
3786,861,train
3787,1091,train
3789,1091,train
3790,1091,train
3792,1091,train
3793,1091,train
3794,1091,train
3795,861,train
3797,861,train
3798,863,train
3799,636,train
3800,636,train
3802,636,train
3803,863,train
3804,636,train
3805,863,train
3807,636,train
3808,863,train
3809,636,train
3810,863,train
3811,636,train
3812,996,train
3814,996,train
3815,828,train
3816,861,train
3817,828,train
3818,819,train
3819,828,train
3820,828,train
3821,996,train
3823,996,train
3824,861,train
3825,135,train
3826,828,train
3827,861,train
3829,135,train
3830,996,train
3831,135,train
3832,135,train
3833,861,train
3834,861,train
3835,830,train
3836,939,train
3837,828,train
3838,830,train
3839,861,train
3840,1009,train
3844,1052,train
3858,932,train
3865,1063,train
3880,843,train
3894,843,train
3900,986,train
3902,843,train
3916,933,train
3928,819,train
3931,819,train
3933,819,train
3937,898,train
3940,819,train
3941,819,train
3945,819,train
3947,898,train
3948,866,train
3959,1094,train
3962,1056,train
3963,1094,train
3964,1094,train
3966,1055,train
3969,1094,train
3971,1056,train
3972,1030,train
3974,907,train
3978,1094,train
3979,1055,train
3980,866,train
3982,1094,train
3983,863,train
3984,1094,train
3986,828,train
3988,1055,train
3989,907,train
3991,1094,train
3992,1056,train
3994,1094,train
3995,907,train
3998,1056,train
3999,1055,train
4001,270,train
4004,1094,train
4005,1094,train
4007,1094,train
4008,1056,train
4012,1056,train
4013,828,train
4014,1078,train
4015,1094,train
4016,1056,train
4017,1117,train
4018,828,train
4019,1056,train
4020,1094,train
4021,1094,train
4022,1094,train
4025,1094,train
4029,1030,train
4030,1056,train
4033,1094,train
4034,1094,train
4035,1094,train
4037,1056,train
4039,1094,train
4040,1094,train
4041,1056,train
4042,866,train
4043,1056,train
4045,1094,train
4046,1094,train
4047,1056,train
4051,1094,train
4052,1056,train
4054,1094,train
4055,863,train
4056,1055,train
4062,1094,train
4065,1056,train
4066,828,train
4067,1094,train
4068,1094,train
4070,1078,train
4071,1056,train
4072,1094,train
4073,1094,train
4077,1094,train
4078,907,train
4079,1056,train
4080,1056,train
4082,1094,train
4084,863,train
4085,1117,train
4088,1094,train
4089,1094,train
4090,1098,train
4091,829,train
4093,1094,train
4095,1098,train
4096,1094,train
4097,1098,train
4098,1094,train
4099,1094,train
4100,1098,train
4102,1094,train
4103,1098,train
4104,1094,train
4106,121,train
4107,121,train
4108,829,train
4110,1094,train
4111,121,train
4112,1094,train
4113,1098,train
4115,1009,train
4116,1094,train
4117,975,train
4118,1094,train
4119,121,train
4120,121,train
4121,1098,train
4122,121,train
4124,1098,train
4125,1098,train
4127,1094,train
4128,1094,train
4129,975,train
4130,1094,train
4131,1098,train
4132,908,train
4134,144,train
4135,1046,train
4136,829,train
4140,648,train
4141,144,train
4144,829,train
4146,1046,train
4147,829,train
4148,829,train
4149,144,train
4152,1053,train
4153,829,train
4154,144,train
4158,829,train
4160,829,train
4161,1046,train
4162,1114,train
4163,144,train
4164,173,train
4165,144,train
4167,857,train
4169,1001,train
4176,1001,train
4179,857,train
4180,1001,train
4181,896,train
4184,1001,train
4189,1001,train
4190,857,train
4192,857,train
4193,1001,train
4195,1001,train
4206,1001,train
4208,1001,train
4209,857,train
4210,1001,train
4215,857,train
4216,1001,train
4217,857,train
4218,889,train
4219,857,train
4222,1053,train
4223,1053,train
4225,624,train
4226,1086,train
4228,1053,train
4229,1053,train
4231,1086,train
4232,1086,train
4233,1086,train
4237,1086,train
4238,857,train
4239,1086,train
4241,1068,train
4242,1086,train
4244,624,train
4246,1053,train
4247,1053,train
4252,1086,train
4253,995,train
4254,1068,train
4256,828,train
4258,1086,train
4259,1053,train
4260,1086,train
4261,1068,train
4265,1086,train
4266,1068,train
4269,1086,train
4271,1086,train
4274,857,train
4275,1086,train
4277,1068,train
4278,1086,train
4279,828,train
4280,1078,train
4281,1094,train
4283,1078,train
4284,1094,train
4285,1078,train
4286,1078,train
4287,1078,train
4288,1078,train
4289,1078,train
4290,1078,train
4293,1078,train
4294,1078,train
4295,1078,train
4297,1094,train
4298,1078,train
4300,1078,train
4302,1078,train
4303,1094,train
4304,1078,train
4305,1078,train
4306,1078,train
4309,1078,train
4310,1094,train
4311,1094,train
4312,1078,train
4315,1078,train
4316,1078,train
4317,1078,train
4318,1078,train
4319,935,train
4321,1094,train
4323,1094,train
4324,1078,train
4325,1078,train
4326,1094,train
4327,1078,train
4328,1094,train
4329,1094,train
4331,1078,train
4332,1078,train
4333,1078,train
4334,1078,train
4335,1094,train
4336,1078,train
4337,1078,train
4339,1094,train
4340,1078,train
4341,1078,train
4344,1078,train
4345,1094,train
4346,1082,train
4347,1078,train
4350,1078,train
4352,1078,train
4354,1094,train
4355,1078,train
4356,1078,train
4357,1078,train
4358,1078,train
4359,1094,train
4360,1078,train
4361,1094,train
4362,1078,train
4363,838,train
4364,1078,train
4365,1094,train
4366,1094,train
4367,1078,train
4372,1078,train
4373,1078,train
4374,1028,train
4376,1094,train
4379,1078,train
4380,1078,train
4381,1094,train
4382,1094,train
4384,1078,train
4385,1028,train
4388,1078,train
4389,1078,train
4391,1094,train
4393,1028,train
4394,1078,train
4396,1094,train
4397,1094,train
4398,1094,train
4399,1078,train
4400,1078,train
4401,1078,train
4402,1094,train
4403,1094,train
4404,1094,train
4405,1094,train
4406,1094,train
4408,1078,train
4409,1094,train
4411,1078,train
4412,1078,train
4413,1078,train
4415,1078,train
4416,1078,train
4418,1078,train
4419,1094,train
4420,1078,train
4421,933,train
4422,1078,train
4425,1078,train
4429,1078,train
4430,1078,train
4431,1078,train
4432,1094,train
4435,1078,train
4436,1094,train
4437,1094,train
4438,1094,train
4442,1094,train
4445,107,train
4447,1094,train
4449,107,train
4450,1094,train
4451,896,train
4452,1094,train
4455,107,train
4458,1145,train
4459,107,train
4460,896,train
4461,975,train
4462,1094,train
4464,1145,train
4465,107,train
4466,1145,train
4468,107,train
4471,107,train
4473,107,train
4476,1038,train
4477,1030,train
4478,1038,train
4479,1086,train
4484,988,train
4486,1109,train
4491,1038,train
4492,1038,train
4493,1038,train
4494,1086,train
4495,1086,train
4497,1086,train
4498,1038,train
4499,1086,train
4500,1038,train
4501,1038,train
4505,1038,train
4508,1086,train
4512,1086,train
4514,1086,train
4516,829,train
4517,1111,train
4518,820,train
4519,1110,train
4520,820,train
4521,820,train
4522,820,train
4523,829,train
4525,830,train
4526,820,train
4527,820,train
4528,820,train
4529,863,train
4530,495,train
4531,820,train
4533,801,train
4534,1078,train
4535,1078,train
4536,1110,train
4537,820,train
4538,830,train
4539,1187,train
4540,829,train
4541,820,train
4542,820,train
4543,829,train
4544,1078,train
4545,820,train
4546,820,train
4547,820,train
4548,829,train
4549,820,train
4551,820,train
4552,829,train
4553,1078,train
4554,829,train
4555,820,train
4556,50,train
4557,820,train
4558,820,train
4559,820,train
4561,820,train
4563,1187,train
4564,820,train
4565,820,train
4566,820,train
4567,820,train
4568,820,train
4569,820,train
4570,820,train
4571,801,train
4572,820,train
4573,820,train
4574,820,train
4575,820,train
4576,820,train
4577,820,train
4578,1110,train
4579,829,train
4580,820,train
4581,1078,train
4583,820,train
4585,1078,train
4586,495,train
4587,829,train
4588,820,train
4590,863,train
4591,1110,train
4592,1078,train
4593,872,train
4594,1094,train
4595,872,train
4596,872,train
4597,1014,train
4598,1094,train
4600,1082,train
4602,1094,train
4603,1059,train
4604,840,train
4605,1094,train
4606,782,train
4607,872,train
4609,1094,train
4610,872,train
4611,1014,train
4613,872,train
4614,1082,train
4616,872,train
4617,872,train
4618,1094,train
4619,872,train
4620,840,train
4621,782,train
4622,872,train
4623,1082,train
4624,872,train
4625,1094,train
4626,872,train
4627,829,train
4628,872,train
4629,872,train
4630,1094,train
4631,872,train
4632,1059,train
4634,872,train
4635,872,train
4637,872,train
4638,872,train
4639,782,train
4640,872,train
4641,1094,train
4642,840,train
4644,829,train
4645,1059,train
4646,1094,train
4647,1082,train
4648,829,train
4649,873,train
4654,1048,train
4658,1048,train
4659,1027,train
4662,1048,train
4663,1078,train
4664,1048,train
4666,1048,train
4668,829,train
4671,1048,train
4673,1048,train
4683,1048,train
4684,1078,train
4688,1078,train
4689,1027,train
4692,954,train
4714,1027,train
4724,933,train
4728,999,train
4744,862,train
4754,999,train
4757,1028,train
4760,999,train
4765,999,train
4774,1059,train
4780,829,train
4781,829,train
4782,829,train
4783,829,train
4784,829,train
4788,1145,train
4789,829,train
4790,829,train
4791,829,train
4792,1110,train
4793,829,train
4794,829,train
4795,829,train
4797,829,train
4799,829,train
4800,829,train
4801,829,train
4802,1094,train
4803,825,train
4804,1094,train
4805,829,train
4806,1145,train
4807,829,train
4809,829,train
4811,829,train
4812,904,train
4814,862,train
4815,829,train
4816,829,train
4817,829,train
4818,829,train
4820,829,train
4821,829,train
4822,1110,train
4823,829,train
4824,829,train
4825,862,train
4826,829,train
4828,327,train
4830,327,train
4831,829,train
4832,829,train
4833,1075,train
4835,829,train
4836,829,train
4837,829,train
4838,829,train
4839,825,train
4842,538,train
4843,829,train
4845,829,train
4846,829,train
4847,829,train
4848,829,train
4851,829,train
4852,829,train
4854,1094,train
4855,829,train
4856,1110,train
4857,829,train
4858,829,train
4859,829,train
4860,829,train
4861,327,train
4862,829,train
4863,1110,train
4864,829,train
4865,1083,train
4878,1086,train
4881,872,train
4903,1086,train
4910,1086,train
4911,898,train
4913,1086,train
4917,1083,train
4920,872,train
4925,872,train
4938,865,train
4939,1110,train
4942,1110,train
4945,1110,train
4949,1110,train
4950,1110,train
4951,1110,train
4952,1111,train
4953,1021,train
4954,1110,train
4955,1110,train
4957,1110,train
4960,1110,train
4966,1110,train
4968,1110,train
4969,1110,train
4971,865,train
4972,1110,train
4973,1110,train
4974,1110,train
4978,1110,train
4979,1021,train
4980,1110,train
4981,1110,train
4983,862,train
4985,1110,train
4987,1110,train
4989,1110,train
4990,1110,train
4991,1070,train
4992,945,train
4993,945,train
4995,993,train
4996,1068,train
4998,1068,train
5001,1068,train
5002,562,train
5005,945,train
5010,675,train
5011,1068,train
5013,562,train
5014,562,train
5021,334,train
5022,1059,train
5024,977,train
5025,977,train
5026,977,train
5028,829,train
5034,829,train
5035,1059,train
5037,334,train
5043,829,train
5049,1059,train
5060,977,train
5064,829,train
5068,977,train
5069,1059,train
5073,1059,train
5080,828,train
5083,1059,train
5085,829,train
5086,873,train
5087,863,train
5089,1078,train
5090,863,train
5091,863,train
5092,1078,train
5093,824,train
5094,1078,train
5095,863,train
5096,1086,train
5097,824,train
5098,1133,train
5099,1078,train
5100,1078,train
5101,863,train
5102,1078,train
5103,863,train
5105,824,train
5106,873,train
5110,863,train
5111,978,train
5112,863,train
5113,873,train
5114,863,train
5115,863,train
5118,863,train
5119,863,train
5122,863,train
5123,873,train
5124,1078,train
5125,1078,train
5126,873,train
5127,1078,train
5128,873,train
5129,1133,train
5130,824,train
5131,873,train
5134,844,train
5137,824,train
5138,863,train
5140,1078,train
5141,1078,train
5144,863,train
5145,824,train
5147,903,train
5148,844,train
5151,865,train
5158,903,train
5161,865,train
5166,865,train
5168,865,train
5170,865,train
5171,865,train
5172,373,train
5173,844,train
5175,865,train
5176,865,train
5177,840,train
5180,854,train
5182,854,train
5185,1009,train
5186,840,train
5188,909,train
5192,854,train
5193,1103,train
5194,1059,train
5195,1059,train
5196,840,train
5197,854,train
5198,1103,train
5199,840,train
5201,238,train
5203,854,train
5204,854,train
5205,854,train
5206,854,train
5207,1094,train
5209,825,train
5210,861,train
5215,1094,train
5218,866,train
5220,1094,train
5223,1094,train
5225,1094,train
5228,1094,train
5230,1094,train
5234,1094,train
5236,861,train
5239,1094,train
5240,1094,train
5248,896,train
5249,1094,train
5253,862,train
5254,1094,train
5255,862,train
5265,908,train
5270,404,train
5272,1082,train
5274,1082,train
5277,1078,train
5278,1078,train
5279,1078,train
5281,1078,train
5282,404,train
5284,404,train
5296,1083,train
5303,1083,train
5305,751,train
5306,909,train
5308,585,train
5311,1078,train
5320,1078,train
5326,1078,train
5333,1082,train
5338,985,train
5339,1094,train
5341,877,train
5342,828,train
5346,1059,train
5348,1142,train
5349,1059,train
5350,985,train
5352,877,train
5354,965,train
5355,840,train
5356,1059,train
5358,877,train
5361,985,train
5362,877,train
5365,1094,train
5366,877,train
5367,965,train
5368,877,train
5369,985,train
5370,877,train
5371,1142,train
5372,877,train
5373,1094,train
5374,877,train
5375,840,train
5376,965,train
5377,1059,train
5378,840,train
5379,985,train
5380,877,train
5382,985,train
5383,877,train
5384,985,train
5385,1005,train
5386,965,train
5387,828,train
5388,817,train
5391,828,train
5393,1094,train
5395,985,train
5397,1094,train
5398,1094,train
5399,877,train
5400,877,train
5401,985,train
5402,817,train
5403,877,train
5404,817,train
5405,1094,train
5406,985,train
5407,877,train
5408,840,train
5410,965,train
5411,1094,train
5412,1059,train
5413,1059,train
5414,985,train
5415,877,train
5416,877,train
5417,817,train
5418,877,train
5419,985,train
5420,877,train
5421,877,train
5422,1094,train
5424,877,train
5425,877,train
5426,877,train
5427,965,train
5428,877,train
5429,877,train
5430,877,train
5431,909,train
5433,909,train
5434,1026,train
5435,909,train
5436,939,train
5437,1087,train
5438,909,train
5439,939,train
5440,909,train
5441,909,train
5442,939,train
5443,909,train
5445,909,train
5446,939,train
5447,909,train
5448,909,train
5449,939,train
5450,909,train
5451,909,train
5452,939,train
5453,1026,train
5454,909,train
5456,939,train
5457,909,train
5458,939,train
5459,1053,train
5460,862,train
5461,1026,train
5462,909,train
5463,909,train
5464,939,train
5465,1026,train
5466,939,train
5467,975,train
5468,939,train
5469,909,train
5470,909,train
5471,909,train
5472,1026,train
5473,939,train
5474,939,train
5475,909,train
5476,909,train
5477,909,train
5479,909,train
5480,909,train
5481,909,train
5482,909,train
5483,939,train
5485,939,train
5486,462,train
5487,1110,train
5490,1111,train
5491,1111,train
5492,1110,train
5493,462,train
5494,1110,train
5495,1110,train
5496,462,train
5498,1110,train
5499,1110,train
5500,1111,train
5501,1111,train
5505,1111,train
5507,1111,train
5510,861,train
5512,974,train
5514,861,train
5518,861,train
5520,861,train
5521,861,train
5522,877,train
5523,861,train
5524,861,train
5525,974,train
5528,974,train
5532,861,train
5533,877,train
5537,861,train
5540,861,train
5541,861,train
5542,974,train
5544,974,train
5546,974,train
5547,861,train
5548,861,train
5549,861,train
5550,861,train
5551,861,train
5552,861,train
5558,1083,train
5559,877,train
5561,1083,train
5562,861,train
5563,974,train
5565,861,train
5566,861,train
5567,861,train
5569,861,train
5570,861,train
5571,861,train
5573,861,train
5574,861,train
5577,861,train
5578,974,train
5579,861,train
5584,861,train
5586,861,train
5589,861,train
5590,861,train
5592,877,train
5593,861,train
5594,974,train
5597,861,train
5598,974,train
5599,1083,train
5603,861,train
5604,861,train
5605,974,train
5606,861,train
5608,861,train
5609,1059,train
5610,861,train
5611,974,train
5612,155,train
5613,705,train
5614,155,train
5617,155,train
5618,155,train
5620,155,train
5621,705,train
5623,155,train
5624,155,train
5626,155,train
5627,155,train
5630,155,train
5631,705,train
5632,705,train
5633,155,train
5634,155,train
5635,155,train
5636,35,train
5638,1078,train
5644,1115,train
5650,828,train
5651,828,train
5652,35,train
5653,828,train
5662,828,train
5663,1078,train
5664,828,train
5665,35,train
5666,828,train
5668,861,train
5670,830,train
5672,993,train
5673,993,train
5674,993,train
5675,1078,train
5676,1078,train
5678,1078,train
5679,1078,train
5680,1030,train
5681,902,train
5682,410,train
5683,1078,train
5684,993,train
5688,1078,train
5689,1078,train
5690,1078,train
5691,861,train
5692,207,train
5693,1078,train
5694,993,train
5696,1075,train
5697,861,train
5698,1078,train
5701,1078,train
5702,1078,train
5703,1078,train
5704,861,train
5705,1078,train
5707,1078,train
5710,819,train
5711,1078,train
5712,1087,train
5713,1078,train
5714,880,train
5715,819,train
5716,1078,train
5717,880,train
5718,880,train
5719,880,train
5720,819,train
5721,819,train
5722,880,train
5723,880,train
5724,1078,train
5725,1082,train
5726,857,train
5727,819,train
5728,880,train
5729,1078,train
5733,880,train
5735,880,train
5737,880,train
5738,819,train
5739,857,train
5740,857,train
5742,880,train
5743,880,train
5744,880,train
5745,819,train
5746,1078,train
5747,880,train
5749,880,train
5750,819,train
5751,1078,train
5752,211,train
5753,1078,train
5754,1078,train
5755,857,train
5756,880,train
5758,1078,train
5759,880,train
5760,1078,train
5761,1119,train
5762,880,train
5763,880,train
5764,880,train
5766,857,train
5767,857,train
5768,857,train
5772,857,train
5774,1078,train
5777,857,train
5778,1078,train
5779,880,train
5780,1087,train
5781,1078,train
5782,857,train
5783,1078,train
5784,898,train
5785,1087,train
5786,1056,train
5787,898,train
5788,842,train
5790,898,train
5791,1087,train
5794,1049,train
5795,1049,train
5796,921,train
5799,1087,train
5800,1056,train
5802,1049,train
5803,898,train
5804,1056,train
5806,921,train
5807,1126,train
5808,1056,train
5811,1056,train
5813,921,train
5814,1056,train
5815,921,train
5816,796,train
5817,842,train
5825,392,train
5832,1077,train
5838,1146,train
5840,392,train
5841,1077,train
5843,1077,train
5846,1077,train
5847,392,train
5852,1077,train
5856,1077,train
5867,1077,train
5868,1030,train
5870,833,train
5871,862,train
5873,1094,train
5874,862,train
5875,862,train
5876,833,train
5877,862,train
5878,862,train
5879,833,train
5880,1094,train
5882,833,train
5884,833,train
5886,833,train
5887,833,train
5889,833,train
5890,833,train
5892,1094,train
5894,862,train
5895,917,train
5896,862,train
5899,1094,train
5900,976,train
5901,1094,train
5902,862,train
5904,917,train
5905,1094,train
5906,862,train
5911,833,train
5912,1094,train
5914,862,train
5915,1094,train
5916,833,train
5917,833,train
5919,862,train
5920,862,train
5922,833,train
5925,862,train
5926,1094,train
5927,917,train
5929,862,train
5930,833,train
5931,1094,train
5932,201,train
5933,1094,train
5934,1139,train
5936,873,train
5937,873,train
5938,1110,train
5939,873,train
5941,1110,train
5942,873,train
5944,873,train
5945,873,train
5946,873,train
5948,873,train
5949,873,train
5950,839,train
5951,873,train
5956,1110,train
5957,839,train
5958,1110,train
5960,873,train
5961,873,train
5963,873,train
5965,873,train
5966,839,train
5969,873,train
5970,873,train
5972,873,train
5973,873,train
5974,839,train
5975,839,train
5976,1110,train
5978,1086,train
5979,873,train
5980,839,train
5981,839,train
5982,873,train
5983,873,train
5984,1110,train
5986,873,train
5991,839,train
5992,873,train
5993,1101,train
5994,839,train
5995,873,train
5996,873,train
5997,839,train
5998,873,train
5999,839,train
6000,1101,train
6001,873,train
6003,1086,train
6004,873,train
6005,873,train
6006,873,train
6007,525,train
6008,873,train
6009,873,train
6010,873,train
6011,1101,train
6012,873,train
6013,873,train
6015,873,train
6016,1030,train
6017,1101,train
6018,873,train
6020,873,train
6025,1110,train
6026,873,train
6027,873,train
6028,873,train
6030,873,train
6031,873,train
6032,839,train
6033,873,train
6034,1110,train
6035,873,train
6036,873,train
6037,873,train
6038,873,train
6039,873,train
6040,873,train
6041,873,train
6042,839,train
6046,873,train
6047,873,train
6048,1101,train
6049,873,train
6050,873,train
6051,873,train
6052,873,train
6053,873,train
6054,873,train
6055,985,train
6056,1092,train
6057,1110,train
6058,985,train
6060,1059,train
6061,1110,train
6062,985,train
6064,891,train
6065,828,train
6066,828,train
6067,828,train
6068,1110,train
6069,1110,train
6070,828,train
6071,985,train
6072,1092,train
6073,1110,train
6074,828,train
6075,1110,train
6076,828,train
6077,1110,train
6079,1087,train
6080,828,train
6081,828,train
6082,1110,train
6084,1092,train
6085,1131,train
6086,828,train
6088,985,train
6089,985,train
6090,828,train
6091,828,train
6092,828,train
6094,985,train
6095,1059,train
6096,1110,train
6099,1087,train
6100,828,train
6101,5,train
6102,1110,train
6103,1092,train
6104,1059,train
6106,828,train
6107,1110,train
6108,828,train
6117,862,train
6123,1145,train
6125,1084,train
6126,862,train
6127,862,train
6128,1084,train
6130,1110,train
6132,862,train
6133,862,train
6134,900,train
6135,862,train
6137,1145,train
6138,1145,train
6140,862,train
6142,1084,train
6145,862,train
6146,862,train
6148,862,train
6151,862,train
6152,862,train
6160,900,train
6162,862,train
6165,609,train
6167,873,train
6169,880,train
6170,873,train
6171,873,train
6173,873,train
6174,880,train
6176,880,train
6177,880,train
6179,880,train
6180,494,train
6182,873,train
6183,494,train
6186,864,train
6187,864,train
6188,609,train
6189,864,train
6192,880,train
6194,829,train
6195,829,train
6196,829,train
6198,829,train
6199,829,train
6200,872,train
6202,829,train
6205,872,train
6209,1056,train
6212,360,train
6213,1056,train
6216,829,train
6218,829,train
6220,829,train
6222,829,train
6223,829,train
6224,862,train
6225,829,train
6226,360,train
6227,829,train
6228,1056,train
6230,1056,train
6232,862,train
6233,829,train
6235,829,train
6238,829,train
6241,862,train
6242,862,train
6243,829,train
6245,360,train
6252,829,train
6258,1056,train
6260,829,train
6263,829,train
6264,1056,train
6265,829,train
6266,360,train
6268,829,train
6270,902,train
6272,1119,train
6273,866,train
6274,866,train
6275,902,train
6276,854,train
6277,1110,train
6278,902,train
6279,866,train
6280,854,train
6283,1075,train
6284,1111,train
6285,1110,train
6286,902,train
6288,902,train
6289,593,train
6290,1110,train
6292,866,train
6293,1111,train
6294,1111,train
6295,1110,train
6296,1110,train
6297,866,train
6298,841,train
6300,866,train
6307,1111,train
6311,866,train
6312,902,train
6313,593,train
6314,1110,train
6315,854,train
6316,872,train
6317,938,train
6319,938,train
6320,993,train
6322,938,train
6323,938,train
6324,872,train
6325,938,train
6326,938,train
6328,938,train
6329,872,train
6330,1059,train
6331,872,train
6334,938,train
6335,938,train
6336,872,train
6338,985,train
6339,993,train
6341,1092,train
6343,938,train
6344,872,train
6345,993,train
6346,872,train
6350,938,train
6351,938,train
6352,938,train
6354,872,train
6355,1059,train
6356,872,train
6357,1059,train
6360,1059,train
6361,1059,train
6362,938,train
6363,938,train
6364,993,train
6365,1059,train
6366,938,train
6367,1059,train
6368,1059,train
6370,1003,train
6371,1082,train
6372,1082,train
6373,1082,train
6374,1082,train
6375,862,train
6377,1082,train
6378,1082,train
6379,1082,train
6380,1082,train
6383,1003,train
6384,1082,train
6385,1082,train
6387,1082,train
6388,1038,train
6390,1082,train
6391,1082,train
6392,1082,train
6393,1082,train
6394,1038,train
6395,1082,train
6397,1082,train
6398,1082,train
6400,1082,train
6401,1082,train
6403,862,train
6404,1082,train
6407,1082,train
6408,1082,train
6409,1038,train
6413,903,train
6414,1087,train
6415,1016,train
6416,1086,train
6417,295,train
6418,1021,train
6419,903,train
6420,903,train
6421,1084,train
6423,973,train
6424,1086,train
6425,1016,train
6426,1021,train
6427,903,train
6429,1016,train
6431,295,train
6432,903,train
6434,1084,train
6436,1003,train
6440,216,train
6444,1086,train
6445,295,train
6448,1084,train
6453,1003,train
6455,903,train
6458,295,train
6459,170,train
6460,170,train
6461,907,train
6462,854,train
6463,862,train
6465,907,train
6466,1184,train
6467,170,train
6468,1184,train
6470,907,train
6471,170,train
6472,170,train
6473,854,train
6475,862,train
6476,862,train
6477,862,train
6479,907,train
6480,862,train
6481,862,train
6485,877,train
6489,903,train
6492,903,train
6503,903,train
6504,877,train
6506,903,train
6510,903,train
6514,903,train
6516,903,train
6519,903,train
6521,903,train
6524,877,train
6528,1091,train
6534,903,train
6539,903,train
6540,1091,train
6542,1030,train
6548,903,train
6551,903,train
6558,1078,train
6559,336,train
6563,124,train
6566,828,train
6567,1078,train
6568,124,train
6569,1078,train
6570,1078,train
6571,1078,train
6572,1078,train
6573,1078,train
6574,1078,train
6575,124,train
6576,336,train
6577,124,train
6578,1078,train
6580,1078,train
6581,124,train
6582,1078,train
6583,933,train
6584,1078,train
6585,1078,train
6587,1078,train
6588,828,train
6589,1078,train
6591,336,train
6592,933,train
6593,1078,train
6594,1078,train
6595,1078,train
6598,1078,train
6599,828,train
6601,1078,train
6602,864,train
6603,1078,train
6605,336,train
6606,1031,train
6607,828,train
6610,1098,train
6611,1098,train
6612,863,train
6613,975,train
6614,993,train
6615,292,train
6616,863,train
6617,863,train
6618,863,train
6619,975,train
6620,907,train
6623,830,train
6625,863,train
6626,863,train
6627,975,train
6628,975,train
6629,863,train
6631,1083,train
6632,975,train
6633,975,train
6634,863,train
6635,975,train
6636,863,train
6637,907,train
6639,830,train
6640,975,train
6641,863,train
6643,552,train
6644,975,train
6645,975,train
6647,863,train
6648,975,train
6652,863,train
6653,977,train
6654,975,train
6655,292,train
6656,975,train
6657,899,train
6658,977,train
6659,909,train
6660,863,train
6662,907,train
6663,975,train
6664,1083,train
6665,907,train
6667,975,train
6668,552,train
6669,552,train
6670,975,train
6671,863,train
6672,863,train
6673,975,train
6674,863,train
6675,830,train
6676,552,train
6677,863,train
6678,909,train
6679,292,train
6680,863,train
6684,830,train
6692,1111,train
6693,1094,train
6695,1094,train
6696,865,train
6697,865,train
6698,1060,train
6700,1111,train
6704,1111,train
6705,1053,train
6706,986,train
6707,865,train
6708,844,train
6709,844,train
6711,1111,train
6718,1094,train
6719,865,train
6724,1094,train
6728,1111,train
6729,1094,train
6731,865,train
6734,986,train
6735,1111,train
6736,1111,train
6737,1053,train
6738,844,train
6740,1111,train
6741,1053,train
6744,1111,train
6745,1111,train
6746,1094,train
6747,1094,train
6748,1053,train
6750,844,train
6751,1111,train
6753,844,train
6758,862,train
6763,1126,train
6774,995,train
6777,1044,train
6778,1044,train
6780,877,train
6781,1030,train
6783,1030,train
6784,1078,train
6788,877,train
6790,877,train
6793,877,train
6795,877,train
6796,1044,train
6800,877,train
6802,877,train
6805,829,train
6806,862,train
6807,862,train
6808,1111,train
6809,862,train
6811,688,train
6814,862,train
6817,829,train
6818,1092,train
6819,1092,train
6822,862,train
6823,862,train
6825,862,train
6826,862,train
6827,384,train
6829,1092,train
6831,876,train
6832,862,train
6834,934,train
6837,876,train
6839,862,train
6840,862,train
6842,829,train
6843,862,train
6844,862,train
6845,862,train
6846,862,train
6849,688,train
6850,352,train
6852,911,train
6857,688,train
6858,862,train
6859,1092,train
6860,1092,train
6862,829,train
6863,1066,train
6864,251,train
6865,1077,train
6866,1077,train
6867,839,train
6868,251,train
6869,1077,train
6870,251,train
6871,870,train
6872,122,train
6873,1094,train
6874,251,train
6875,1094,train
6876,122,train
6877,1077,train
6878,1066,train
6879,1066,train
6880,1008,train
6881,1094,train
6882,1066,train
6883,251,train
6884,251,train
6885,1094,train
6886,1094,train
6887,251,train
6888,1077,train
6889,251,train
6890,191,train
6891,1094,train
6892,1094,train
6893,1077,train
6894,251,train
6895,1094,train
6896,1094,train
6897,1077,train
6898,251,train
6899,1008,train
6900,1094,train
6901,251,train
6902,191,train
6903,251,train
6904,251,train
6905,829,train
6909,68,train
6911,1084,train
6916,1084,train
6919,662,train
6921,829,train
6922,1084,train
6923,662,train
6925,662,train
6928,662,train
6929,857,train
6938,1084,train
6939,662,train
6941,662,train
6948,829,train
6951,1084,train
6953,68,train
6955,662,train
6965,663,train
6966,663,train
6967,663,train
6969,663,train
6970,663,train
6975,663,train
6976,663,train
6979,663,train
6981,663,train
6984,663,train
6987,663,train
6988,663,train
6990,13,train
6991,663,train
6992,663,train
6993,663,train
6994,324,train
6998,1078,train
7000,829,train
7001,1078,train
7002,862,train
7003,862,train
7004,862,train
7005,1078,train
7007,1199,train
7010,862,train
7012,1078,train
7013,862,train
7014,1094,train
7016,932,train
7017,1094,train
7019,1078,train
7021,862,train
7024,926,train
7027,862,train
7028,1078,train
7029,862,train
7031,1078,train
7032,1094,train
7033,1078,train
7034,1094,train
7035,1078,train
7036,862,train
7037,862,train
7040,1078,train
7042,932,train
7044,1094,train
7046,1094,train
7047,862,train
7048,932,train
7049,1094,train
7050,829,train
7052,1078,train
7054,862,train
7055,1078,train
7056,1078,train
7057,1078,train
7058,1094,train
7060,1094,train
7061,366,train
7063,829,train
7064,1078,train
7065,862,train
7067,862,train
7068,1078,train
7069,1094,train
7070,1078,train
7071,862,train
7072,1078,train
7073,857,train
7074,862,train
7078,1117,train
7079,862,train
7082,862,train
7087,862,train
7093,1117,train
7095,1051,train
7097,862,train
7098,941,train
7099,1117,train
7101,1030,train
7103,862,train
7108,862,train
7109,870,train
7117,941,train
7120,862,train
7122,114,train
7126,1041,train
7127,941,train
7129,941,train
7131,340,train
7133,1041,train
7134,862,train
7137,863,train
7138,1005,train
7139,1005,train
7140,891,train
7141,1005,train
7143,891,train
7144,1005,train
7145,1005,train
7146,1092,train
7147,1130,train
7148,1092,train
7151,869,train
7152,1092,train
7154,1092,train
7156,903,train
7157,1092,train
7158,1092,train
7160,1092,train
7161,1092,train
7163,863,train
7164,863,train
7165,903,train
7167,1092,train
7169,903,train
7170,1098,train
7172,903,train
7173,1092,train
7174,1092,train
7175,825,train
7178,800,train
7180,903,train
7182,1098,train
7183,1092,train
7184,1098,train
7188,869,train
7189,903,train
7190,824,train
7192,825,train
7193,985,train
7194,903,train
7195,863,train
7199,903,train
7200,1092,train
7202,800,train
7204,903,train
7205,1092,train
7206,1092,train
7208,1092,train
7209,903,train
7211,1098,train
7212,1083,train
7213,869,train
7214,1092,train
7215,1083,train
7216,903,train
7218,1092,train
7220,1083,train
7221,1092,train
7222,1098,train
7223,869,train
7224,903,train
7225,1092,train
7226,903,train
7228,903,train
7229,1092,train
7231,183,train
7232,918,train
7233,877,train
7234,877,train
7236,877,train
7237,906,train
7238,877,train
7239,906,train
7240,877,train
7243,877,train
7244,183,train
7246,1082,train
7247,1028,train
7248,118,train
7250,1082,train
7251,877,train
7253,877,train
7254,183,train
7255,918,train
7256,1078,train
7257,1078,train
7258,1082,train
7259,1078,train
7260,906,train
7261,183,train
7262,1078,train
7264,1078,train
7265,862,train
7266,1078,train
7269,1078,train
7272,862,train
7276,862,train
7277,862,train
7279,862,train
7280,862,train
7281,1078,train
7282,862,train
7283,862,train
7284,862,train
7285,862,train
7288,1110,train
7289,862,train
7290,1177,train
7292,862,train
7293,862,train
7296,1078,train
7298,861,train
7300,862,train
7301,862,train
7302,862,train
7303,1078,train
7305,862,train
7309,862,train
7310,861,train
7312,862,train
7314,1177,train
7315,862,train
7316,1078,train
7317,862,train
7318,1110,train
7319,862,train
7321,1110,train
7324,766,train
7327,1027,train
7329,1077,train
7330,1077,train
7332,1077,train
7333,1077,train
7334,945,train
7335,1077,train
7336,1077,train
7337,1077,train
7339,1077,train
7340,1030,train
7343,863,train
7344,1077,train
7348,1030,train
7351,1094,train
7352,1077,train
7353,1077,train
7354,1077,train
7358,1077,train
7359,1077,train
7360,1077,train
7361,1077,train
7362,820,train
7365,715,train
7366,965,train
7367,1086,train
7369,715,train
7370,1086,train
7371,820,train
7372,820,train
7373,820,train
7374,1086,train
7375,894,train
7376,820,train
7377,1086,train
7378,820,train
7379,715,train
7380,820,train
7381,820,train
7383,1086,train
7384,1086,train
7385,830,train
7386,1086,train
7387,715,train
7388,1066,train
7389,1086,train
7391,715,train
7392,820,train
7394,1086,train
7395,820,train
7396,830,train
7397,820,train
7400,1086,train
7401,1075,train
7403,820,train
7404,1075,train
7405,820,train
7406,1066,train
7409,1086,train
7411,820,train
7412,820,train
7414,1086,train
7416,1086,train
7417,715,train
7418,820,train
7420,1086,train
7421,1086,train
7423,1086,train
7424,820,train
7425,820,train
7426,820,train
7427,820,train
7428,1086,train
7429,1086,train
7433,820,train
7439,30,train
7440,1103,train
7442,1103,train
7443,941,train
7444,1115,train
7445,1103,train
7446,907,train
7447,862,train
7450,907,train
7451,907,train
7452,862,train
7453,862,train
7455,907,train
7456,907,train
7457,907,train
7458,907,train
7460,907,train
7461,862,train
7462,907,train
7464,907,train
7465,907,train
7466,862,train
7467,862,train
7468,841,train
7469,862,train
7470,907,train
7471,907,train
7472,841,train
7474,1075,train
7481,1059,train
7485,1059,train
7488,1059,train
7493,1059,train
7494,1078,train
7498,1075,train
7499,1059,train
7500,1078,train
7501,1059,train
7504,1075,train
7505,105,train
7513,941,train
7514,941,train
7516,825,train
7519,941,train
7520,825,train
7521,941,train
7523,941,train
7524,941,train
7525,829,train
7526,941,train
7527,941,train
7528,829,train
7529,941,train
7532,869,train
7533,1070,train
7535,941,train
7536,941,train
7538,825,train
7540,869,train
7541,829,train
7543,941,train
7550,829,train
7551,825,train
7553,825,train
7554,941,train
7555,941,train
7557,825,train
7559,829,train
7560,1086,train
7562,825,train
7564,829,train
7566,829,train
7568,825,train
7569,829,train
7570,829,train
7571,829,train
7573,842,train
7575,1086,train
7576,816,train
7577,816,train
7578,816,train
7579,816,train
7580,1077,train
7586,917,train
7590,917,train
7592,1098,train
7593,872,train
7600,820,train
7603,854,train
7604,820,train
7605,833,train
7606,917,train
7607,816,train
7610,838,train
7612,854,train
7613,854,train
7615,917,train
7616,833,train
7617,816,train
7619,854,train
7623,1001,train
7624,820,train
7627,838,train
7628,816,train
7630,820,train
7631,838,train
7633,1098,train
7636,465,train
7638,820,train
7641,854,train
7643,475,train
7644,1009,train
7646,1009,train
7647,824,train
7648,1009,train
7651,1009,train
7655,1009,train
7656,877,train
7657,824,train
7658,877,train
7659,824,train
7660,1009,train
7661,405,train
7662,824,train
7663,877,train
7664,1078,train
7666,1009,train
7667,1009,train
7668,1009,train
7669,1009,train
7672,1009,train
7675,1028,train
7676,825,train
7681,1009,train
7682,1009,train
7684,1009,train
7685,1009,train
7686,1009,train
7687,1114,train
7688,993,train
7695,1009,train
7699,993,train
7702,1009,train
7705,1009,train
7709,825,train
7711,1009,train
7712,825,train
7714,1009,train
7715,1009,train
7725,842,train
7726,886,train
7727,1008,train
7728,1008,train
7729,824,train
7730,635,train
7731,1075,train
7733,825,train
7734,1094,train
7735,872,train
7736,824,train
7737,824,train
7739,824,train
7740,872,train
7741,824,train
7743,886,train
7744,824,train
7745,859,train
7746,635,train
7747,824,train
7748,824,train
7749,824,train
7750,635,train
7751,1008,train
7752,635,train
7753,886,train
7754,824,train
7755,635,train
7756,824,train
7757,824,train
7759,346,train
7760,986,train
7761,1016,train
7762,986,train
7763,1110,train
7765,986,train
7766,1016,train
7767,986,train
7768,986,train
7769,1016,train
7770,986,train
7772,1110,train
7773,986,train
7774,986,train
7775,986,train
7776,516,train
7780,872,train
7781,872,train
7782,820,train
7783,872,train
7784,820,train
7785,820,train
7790,1059,train
7792,820,train
7797,1059,train
7798,872,train
7799,516,train
7800,872,train
7802,872,train
7803,1059,train
7804,1003,train
7806,1059,train
7807,1003,train
7810,1059,train
7812,820,train
7813,872,train
7814,1054,train
7815,1059,train
7816,1059,train
7819,872,train
7820,872,train
7821,1059,train
7822,1059,train
7823,1110,train
7824,137,train
7825,1078,train
7826,956,train
7827,1110,train
7828,1082,train
7829,1082,train
7830,839,train
7831,1082,train
7832,1078,train
7833,1078,train
7835,1110,train
7836,1082,train
7837,1059,train
7838,1053,train
7839,1082,train
7840,956,train
7842,1078,train
7843,1078,train
7845,1059,train
7846,1078,train
7847,1053,train
7848,1110,train
7849,1078,train
7850,956,train
7851,822,train
7852,835,train
7853,1078,train
7854,1082,train
7856,872,train
7857,1078,train
7858,1059,train
7859,965,train
7860,1078,train
7862,1110,train
7863,835,train
7864,1053,train
7865,1110,train
7866,1078,train
7867,1078,train
7868,872,train
7870,1082,train
7871,1078,train
7872,872,train
7873,1078,train
7874,1059,train
7875,835,train
7877,1110,train
7878,1078,train
7879,1078,train
7880,1110,train
7881,1078,train
7883,1110,train
7884,1078,train
7885,1078,train
7886,1078,train
7888,877,train
7889,877,train
7891,866,train
7893,866,train
7894,877,train
7895,866,train
7896,866,train
7897,877,train
7898,877,train
7899,866,train
7900,877,train
7901,877,train
7902,866,train
7904,866,train
7905,866,train
7906,866,train
7907,877,train
7908,877,train
7909,866,train
7910,877,train
7911,866,train
7912,877,train
7913,877,train
7914,866,train
7915,877,train
7916,866,train
7917,877,train
7918,866,train
7919,877,train
7920,866,train
7921,877,train
7922,877,train
7923,877,train
7924,866,train
7925,866,train
7926,866,train
7927,877,train
7928,866,train
7929,866,train
7930,877,train
7931,866,train
7932,866,train
7933,877,train
7935,866,train
7936,866,train
7937,866,train
7938,866,train
7939,877,train
7941,866,train
7942,866,train
7943,877,train
7944,877,train
7945,877,train
7946,862,train
7948,862,train
7950,877,train
7951,862,train
7952,939,train
7953,939,train
7955,833,train
7956,1092,train
7957,833,train
7958,939,train
7961,1092,train
7962,877,train
7964,939,train
7966,862,train
7968,862,train
7969,1103,train
7971,862,train
7973,862,train
7974,862,train
7975,862,train
7976,838,train
7977,939,train
7978,939,train
7980,1092,train
7981,939,train
7982,877,train
7983,833,train
7984,877,train
7985,862,train
7986,1103,train
7988,939,train
7989,939,train
7991,1092,train
7992,939,train
7993,939,train
7995,1092,train
7996,1092,train
7997,939,train
7998,877,train
7999,1092,train
8000,1092,train
8001,1092,train
8003,1092,train
8004,877,train
8006,939,train
8007,862,train
8010,1103,train
8013,1092,train
8014,939,train
8015,862,train
8018,1092,train
8023,862,train
8025,877,train
8026,877,train
8027,877,train
8030,877,train
8031,877,train
8032,1092,train
8034,939,train
8036,872,train
8037,1078,train
8041,1078,train
8047,1078,train
8048,998,train
8049,1078,train
8053,1075,train
8054,1003,train
8055,1078,train
8056,406,train
8059,1078,train
8061,872,train
8063,1075,train
8064,1077,train
8065,1078,train
8067,1078,train
8068,1077,train
8069,1078,train
8070,998,train
8071,1078,train
8072,872,train
8074,1078,train
8075,872,train
8076,939,train
8077,1078,train
8079,1003,train
8080,1078,train
8081,1078,train
8082,1117,train
8084,1078,train
8087,1003,train
8090,872,train
8094,406,train
8095,872,train
8096,998,train
8097,872,train
8099,1078,train
8100,1078,train
8101,1077,train
8102,998,train
8103,872,train
8107,1078,train
8110,406,train
8111,1078,train
8112,1078,train
8113,406,train
8114,1078,train
8116,1077,train
8117,864,train
8118,1078,train
8120,841,train
8121,833,train
8123,833,train
8124,833,train
8129,833,train
8130,833,train
8132,833,train
8136,833,train
8139,1008,train
8141,833,train
8145,833,train
8146,833,train
8148,833,train
8155,829,train
8156,820,train
8159,819,train
8161,820,train
8162,790,train
8164,820,train
8165,820,train
8166,820,train
8168,820,train
8170,825,train
8171,1066,train
8173,1066,train
8174,1008,train
8182,974,train
8183,829,train
8184,820,train
8186,820,train
8187,820,train
8188,820,train
8190,820,train
8191,820,train
8192,974,train
8193,820,train
8194,820,train
8195,988,train
8197,820,train
8198,1066,train
8199,819,train
8200,1066,train
8201,820,train
8202,1066,train
8203,820,train
8204,820,train
8205,820,train
8206,427,train
8207,1086,train
8210,862,train
8212,177,train
8213,627,train
8216,1082,train
8219,1060,train
8221,365,train
8222,435,train
8223,862,train
8226,177,train
8228,70,train
8231,1060,train
8233,1082,train
8235,861,train
8236,435,train
8237,177,train
8238,17,train
8239,365,train
8241,907,train
8243,1060,train
8246,907,train
8247,435,train
8248,862,train
8254,862,train
8255,1082,train
8257,1060,train
8259,861,train
8260,909,train
8261,862,train
8262,1096,train
8268,1060,train
8269,862,train
8271,829,train
8277,1082,train
8278,862,train
8279,1060,train
8282,1051,train
8283,1060,train
8285,1060,train
8292,113,train
8293,1082,train
8294,1098,train
8295,1082,train
8296,862,train
8297,1098,train
8298,1087,train
8299,1078,train
8300,1047,train
8301,1087,train
8302,900,train
8303,1103,train
8304,1109,train
8305,1098,train
8306,1098,train
8307,1103,train
8309,1082,train
8312,1098,train
8314,1047,train
8315,1047,train
8316,1047,train
8317,876,train
8318,1094,train
8319,1082,train
8320,1082,train
8321,1087,train
8323,900,train
8324,1047,train
8326,1082,train
8327,1078,train
8328,1094,train
8329,1103,train
8330,1098,train
8332,1082,train
8334,1047,train
8335,1098,train
8336,1098,train
8337,1098,train
8338,1098,train
8340,1098,train
8342,1098,train
8343,1094,train
8344,1087,train
8346,1098,train
8347,1078,train
8348,1087,train
8349,1098,train
8351,1047,train
8352,1103,train
8353,876,train
8354,1098,train
8355,900,train
8356,1098,train
8358,1047,train
8359,1087,train
8360,1098,train
8362,1082,train
8363,1094,train
8364,1098,train
8366,1109,train
8367,862,train
8368,1098,train
8369,1098,train
8370,1098,train
8371,1047,train
8372,1059,train
8373,864,train
8374,1092,train
8375,1092,train
8376,1092,train
8377,1092,train
8378,1092,train
8379,1092,train
8380,1092,train
8381,1094,train
8382,1092,train
8383,1092,train
8384,1092,train
8385,1046,train
8386,1092,train
8387,1092,train
8388,1054,train
8390,1046,train
8392,1092,train
8393,1046,train
8394,1054,train
8395,1092,train
8396,1092,train
8397,134,train
8398,1038,train
8399,1038,train
8400,1092,train
8401,1054,train
8402,1046,train
8404,1092,train
8405,1092,train
8406,864,train
8407,864,train
8408,134,train
8409,1046,train
8410,1046,train
8411,1092,train
8412,1092,train
8413,1094,train
8414,1092,train
8416,1092,train
8417,1046,train
8419,1092,train
8420,1003,train
8421,1046,train
8422,134,train
8423,1038,train
8424,1046,train
8425,1092,train
8426,1092,train
8427,864,train
8428,1054,train
8429,1046,train
8430,1003,train
8431,1094,train
8432,1092,train
8433,1046,train
8435,1094,train
8436,1092,train
8437,1092,train
8438,1094,train
8440,1046,train
8441,1092,train
8442,1046,train
8444,863,train
8446,863,train
8447,863,train
8448,205,train
8449,863,train
8450,1078,train
8453,510,train
8454,863,train
8456,863,train
8457,510,train
8458,863,train
8459,863,train
8460,205,train
8461,863,train
8462,863,train
8463,863,train
8464,863,train
8466,1078,train
8467,510,train
8468,863,train
8469,863,train
8470,863,train
8471,1078,train
8472,863,train
8473,1078,train
8474,863,train
8475,863,train
8477,863,train
8478,863,train
8480,863,train
8481,861,train
8482,866,train
8483,861,train
8484,861,train
8485,861,train
8488,861,train
8489,861,train
8490,861,train
8491,866,train
8493,861,train
8495,861,train
8496,861,train
8497,861,train
8498,861,train
8499,397,train
8501,861,train
8502,397,train
8503,861,train
8504,861,train
8505,861,train
8509,861,train
8511,900,train
8513,861,train
8514,1008,train
8516,1030,train
8517,1030,train
8518,651,train
8519,1086,train
8522,1008,train
8523,1086,train
8524,991,train
8526,1008,train
8531,873,train
8532,828,train
8540,873,train
8542,1059,train
8544,873,train
8545,873,train
8547,247,train
8554,873,train
8555,828,train
8558,873,train
8559,1059,train
8562,873,train
8564,828,train
8565,1059,train
8568,873,train
8572,873,train
8573,1083,train
8574,1078,train
8575,1078,train
8576,1078,train
8577,774,train
8578,1078,train
8579,774,train
8580,1078,train
8582,496,train
8584,774,train
8585,774,train
8586,774,train
8587,830,train
8588,828,train
8589,1078,train
8590,1096,train
8593,1078,train
8595,774,train
8596,1078,train
8597,1078,train
8601,1078,train
8602,1078,train
8605,279,train
8606,1096,train
8607,279,train
8608,1078,train
8613,1083,train
8616,1096,train
8617,279,train
8618,1078,train
8619,1078,train
8620,1078,train
8621,279,train
8622,828,train
8623,774,train
8624,1096,train
8625,1078,train
8626,774,train
8627,774,train
8628,828,train
8629,1078,train
8630,774,train
8631,828,train
8632,1078,train
8633,828,train
8634,1078,train
8635,774,train
8636,774,train
8637,828,train
8638,1078,train
8639,1078,train
8640,1078,train
8641,828,train
8642,828,train
8643,1078,train
8644,1096,train
8647,279,train
8648,828,train
8649,1078,train
8651,1096,train
8652,774,train
8654,774,train
8655,1096,train
8656,1096,train
8657,1083,train
8658,1078,train
8659,774,train
8660,1078,train
8661,1078,train
8663,872,train
8664,1096,train
8665,1083,train
8666,1096,train
8667,1078,train
8668,1078,train
8669,1078,train
8670,774,train
8671,1078,train
8672,774,train
8673,828,train
8675,1078,train
8676,1078,train
8677,828,train
8678,279,train
8681,828,train
8682,1078,train
8683,1078,train
8684,828,train
8686,1078,train
8688,1078,train
8689,1078,train
8690,1096,train
8691,1096,train
8693,774,train
8696,841,train
8697,829,train
8698,829,train
8699,841,train
8701,829,train
8704,829,train
8709,829,train
8718,829,train
8721,829,train
8725,829,train
8726,829,train
8736,1008,train
8737,1008,train
8746,1098,train
8747,903,train
8750,1098,train
8751,1008,train
8752,1021,train
8757,1151,train
8758,1051,train
8760,1151,train
8761,1151,train
8762,1051,train
8764,1151,train
8765,1077,train
8766,1151,train
8767,1151,train
8768,1077,train
8770,1151,train
8771,1151,train
8772,1044,train
8773,1151,train
8775,1051,train
8776,1151,train
8778,1151,train
8779,554,train
8783,866,train
8785,861,train
8787,866,train
8788,907,train
8789,907,train
8795,861,train
8796,861,train
8798,1028,train
8801,866,train
8805,866,train
8806,861,train
8807,907,train
8809,861,train
8810,866,train
8815,866,train
8816,866,train
8819,861,train
8825,1094,train
8827,846,train
8829,1094,train
8830,846,train
8832,1094,train
8833,993,train
8834,1094,train
8836,1094,train
8837,1094,train
8838,1094,train
8839,1082,train
8840,1094,train
8842,822,train
8843,1082,train
8844,1094,train
8846,1094,train
8847,1094,train
8851,1094,train
8852,1082,train
8855,1094,train
8856,1082,train
8858,1094,train
8859,877,train
8860,1094,train
8861,1094,train
8862,1094,train
8863,877,train
8864,993,train
8869,1082,train
8876,1044,train
8882,785,train
8885,1044,train
8896,1013,train
8897,828,train
8898,862,train
8899,862,train
8900,1013,train
8902,828,train
8903,844,train
8904,1001,train
8905,828,train
8906,862,train
8907,1084,train
8908,862,train
8909,854,train
8911,1001,train
8912,862,train
8913,862,train
8914,862,train
8915,862,train
8916,828,train
8919,1078,train
8920,1013,train
8921,1084,train
8922,828,train
8924,854,train
8925,1110,train
8928,844,train
8930,854,train
8931,862,train
8932,1110,train
8933,1001,train
8935,828,train
8937,844,train
8938,854,train
8939,862,train
8940,862,train
8941,844,train
8942,862,train
8944,854,train
8945,1001,train
8948,1077,train
8951,1077,train
8952,760,train
8953,1065,train
8955,760,train
8956,1077,train
8959,829,train
8962,1052,train
8963,829,train
8966,829,train
8967,1086,train
8970,829,train
8971,1052,train
8972,1052,train
8974,829,train
8975,829,train
8979,829,train
8982,1052,train
8986,829,train
8987,829,train
8989,1094,train
8990,1052,train
8994,872,train
8995,861,train
8997,824,train
8998,861,train
8999,824,train
9000,909,train
9001,824,train
9004,971,train
9005,861,train
9007,872,train
9008,872,train
9009,824,train
9010,1055,train
9011,872,train
9015,824,train
9016,861,train
9017,872,train
9018,872,train
9019,57,train
9021,861,train
9022,872,train
9023,863,train
9024,824,train
9025,1189,train
9026,824,train
9027,861,train
9028,872,train
9029,824,train
9031,863,train
9032,872,train
9033,863,train
9034,863,train
9035,872,train
9036,872,train
9037,1013,train
9038,865,train
9039,824,train
9040,1189,train
9041,971,train
9042,872,train
9043,824,train
9044,824,train
9045,898,train
9046,872,train
9047,824,train
9049,824,train
9050,1189,train
9051,872,train
9053,872,train
9055,971,train
9056,861,train
9057,38,train
9059,830,train
9061,861,train
9063,830,train
9065,1094,train
9066,830,train
9071,1094,train
9074,1094,train
9075,1094,train
9076,265,train
9080,861,train
9082,830,train
9083,1094,train
9084,830,train
9087,830,train
9091,830,train
9094,1094,train
9095,1094,train
9096,861,train
9098,1094,train
9099,1094,train
9100,1094,train
9102,1094,train
9105,828,train
9107,1094,train
9110,38,train
9112,1094,train
9114,265,train
9115,1094,train
9117,907,train
9119,870,train
9120,870,train
9121,414,train
9122,825,train
9124,907,train
9125,870,train
9127,872,train
9135,825,train
9136,872,train
9139,1001,train
9141,907,train
9143,907,train
9148,872,train
9149,907,train
9150,907,train
9151,1031,train
9152,870,train
9153,1031,train
9154,870,train
9157,907,train
9159,993,train
9161,1126,train
9162,862,train
9164,993,train
9165,1126,train
9166,1126,train
9167,862,train
9169,862,train
9170,862,train
9171,829,train
9172,993,train
9173,862,train
9179,829,train
9180,862,train
9181,1146,train
9183,1126,train
9184,862,train
9186,862,train
9188,862,train
9189,862,train
9190,862,train
9191,862,train
9193,1126,train
9195,1126,train
9196,862,train
9197,862,train
9198,1126,train
9199,862,train
9200,862,train
9201,862,train
9203,862,train
9206,862,train
9207,862,train
9209,862,train
9210,133,train
9211,862,train
9212,829,train
9213,862,train
9214,862,train
9215,133,train
9218,862,train
9219,862,train
9220,1060,train
9222,829,train
9223,1086,train
9226,1086,train
9229,820,train
9230,1086,train
9231,1027,train
9232,1086,train
9233,1086,train
9235,820,train
9238,1086,train
9239,820,train
9243,1030,train
9244,1086,train
9246,1027,train
9247,1086,train
9249,1086,train
9250,1086,train
9251,863,train
9254,820,train
9256,835,train
9257,835,train
9258,835,train
9259,1086,train
9260,1086,train
9264,1086,train
9269,820,train
9270,1075,train
9272,1086,train
9273,1086,train
9274,1176,train
9277,1086,train
9280,1086,train
9282,1086,train
9286,1086,train
9287,1086,train
9290,1086,train
9291,820,train
9293,1027,train
9298,1030,train
9299,1086,train
9301,959,train
9312,999,train
9313,1086,train
9315,959,train
9318,1039,train
9322,999,train
9326,959,train
9329,1086,train
9335,1059,train
9337,854,train
9339,965,train
9341,1059,train
9343,1066,train
9345,965,train
9352,1059,train
9353,866,train
9355,1110,train
9356,1059,train
9357,854,train
9358,861,train
9359,854,train
9361,1059,train
9364,861,train
9367,861,train
9368,866,train
9369,1059,train
9370,1110,train
9371,965,train
9372,854,train
9373,866,train
9374,866,train
9375,866,train
9376,854,train
9377,866,train
9378,965,train
9382,1110,train
9383,861,train
9384,1059,train
9387,854,train
9389,1066,train
9390,318,train
9391,854,train
9393,861,train
9396,318,train
9397,861,train
9398,830,train
9399,830,train
9400,1094,train
9402,872,train
9404,1094,train
9405,1030,train
9406,1030,train
9407,1094,train
9408,1094,train
9411,1094,train
9412,1094,train
9414,1094,train
9415,1094,train
9416,1094,train
9417,1094,train
9418,841,train
9419,1094,train
9420,1094,train
9422,1094,train
9423,1094,train
9424,1094,train
9425,829,train
9427,1094,train
9429,1094,train
9431,1094,train
9436,1094,train
9437,1094,train
9438,898,train
9439,829,train
9440,829,train
9441,898,train
9442,872,train
9443,829,train
9445,974,train
9448,829,train
9449,974,train
9450,885,train
9451,825,train
9452,974,train
9453,885,train
9454,872,train
9455,872,train
9456,898,train
9457,872,train
9458,162,train
9459,872,train
9460,872,train
9461,872,train
9462,872,train
9463,162,train
9464,854,train
9465,854,train
9466,1086,train
9467,854,train
9468,854,train
9469,1047,train
9470,854,train
9471,829,train
9472,863,train
9474,854,train
9475,1086,train
9476,863,train
9477,854,train
9478,854,train
9479,829,train
9481,863,train
9482,854,train
9483,1047,train
9484,829,train
9485,854,train
9486,843,train
9487,829,train
9488,843,train
9489,1047,train
9490,854,train
9491,854,train
9493,1094,train
9494,1075,train
9495,1094,train
9496,1094,train
9499,1094,train
9500,865,train
9501,839,train
9503,1094,train
9504,1075,train
9508,1094,train
9510,865,train
9511,1075,train
9515,1075,train
9516,1075,train
9518,1094,train
9519,865,train
9522,1094,train
9523,1094,train
9525,1075,train
9526,1075,train
9527,1094,train
9528,1094,train
9531,1075,train
9533,820,train
9535,862,train
9537,864,train
9538,862,train
9539,862,train
9540,879,train
9545,996,train
9546,996,train
9548,862,train
9551,879,train
9552,879,train
9559,820,train
9560,864,train
9565,862,train
9566,862,train
9570,1066,train
9571,862,train
9572,1083,train
9573,1066,train
9575,1148,train
9577,1066,train
9578,862,train
9581,986,train
9584,1148,train
9585,1148,train
9588,1066,train
9591,862,train
9593,1083,train
9594,941,train
9595,862,train
9596,862,train
9598,1066,train
9600,1066,train
9601,945,train
9602,872,train
9603,820,train
9605,872,train
9606,872,train
9608,820,train
9609,872,train
9610,820,train
9611,862,train
9613,872,train
9616,872,train
9619,829,train
9620,872,train
9621,872,train
9622,764,train
9623,862,train
9625,872,train
9626,872,train
9627,862,train
9628,872,train
9631,862,train
9633,862,train
9634,820,train
9635,862,train
9636,820,train
9637,872,train
9638,872,train
9641,872,train
9642,945,train
9644,872,train
9645,828,train
9647,828,train
9650,828,train
9651,1059,train
9652,1059,train
9653,1077,train
9654,828,train
9655,828,train
9656,828,train
9658,828,train
9659,828,train
9660,828,train
9661,1059,train
9662,828,train
9664,865,train
9665,828,train
9666,828,train
9667,828,train
9669,828,train
9670,865,train
9673,865,train
9674,828,train
9675,865,train
9676,996,train
9678,1059,train
9680,828,train
9681,865,train
9682,1059,train
9684,865,train
9685,828,train
9686,828,train
9687,828,train
9688,865,train
9689,828,train
9690,828,train
9691,822,train
9692,865,train
9693,865,train
9697,1077,train
9698,825,train
9699,865,train
9701,828,train
9703,1077,train
9704,828,train
9705,828,train
9707,828,train
9708,1077,train
9709,828,train
9710,865,train
9711,828,train
9712,865,train
9715,828,train
9716,828,train
9717,1059,train
9719,1077,train
9720,1056,train
9723,1056,train
9725,1056,train
9727,1056,train
9728,1084,train
9729,1056,train
9731,1056,train
9732,1056,train
9733,1053,train
9734,1056,train
9735,1003,train
9736,1056,train
9737,1056,train
9738,1056,train
9740,1056,train
9742,1056,train
9743,1056,train
9744,1084,train
9751,1135,train
9755,1075,train
9756,1075,train
9757,1075,train
9759,1075,train
9768,1075,train
9771,1075,train
9776,835,train
9779,933,train
9780,741,train
9781,933,train
9782,933,train
9783,824,train
9785,933,train
9786,933,train
9787,933,train
9789,933,train
9790,933,train
9791,933,train
9793,741,train
9794,933,train
9796,741,train
9797,933,train
9798,933,train
9799,933,train
9801,933,train
9803,933,train
9804,933,train
9806,933,train
9807,1052,train
9809,1052,train
9810,933,train
9811,933,train
9812,933,train
9813,828,train
9814,933,train
9815,933,train
9816,933,train
9817,933,train
9818,933,train
9819,824,train
9820,933,train
9821,933,train
9822,933,train
9826,1078,train
9827,872,train
9828,872,train
9829,1078,train
9830,1135,train
9831,1056,train
9832,1078,train
9834,1078,train
9835,1078,train
9837,1078,train
9838,1082,train
9839,1082,train
9841,899,train
9842,1078,train
9844,899,train
9845,1078,train
9847,1056,train
9848,1056,train
9849,1078,train
9850,1056,train
9853,1078,train
9856,1135,train
9857,1056,train
9859,1078,train
9860,1078,train
9861,1056,train
9862,1056,train
9863,1078,train
9864,1056,train
9865,1078,train
9866,1078,train
9867,1056,train
9868,1078,train
9869,872,train
9870,1056,train
9872,1078,train
9873,825,train
9875,1115,train
9877,1084,train
9881,1115,train
9882,961,train
9884,1115,train
9885,1115,train
9887,794,train
9893,1084,train
9895,1115,train
9896,1008,train
9897,941,train
9898,1115,train
9902,1115,train
9903,1084,train
9905,864,train
9906,1115,train
9907,1115,train
9916,1115,train
9917,1115,train
9919,1084,train
9921,961,train
9922,1115,train
9924,1084,train
9926,1115,train
9927,961,train
9929,1115,train
9930,1115,train
9933,864,train
9934,794,train
9936,961,train
9939,1115,train
9940,873,train
9941,1115,train
9942,899,train
9947,862,train
9951,899,train
9958,1111,train
9962,1111,train
9963,862,train
9964,899,train
9966,1111,train
9967,899,train
9968,1062,train
9973,1111,train
9975,1028,train
9976,864,train
9977,965,train
9978,1110,train
9979,1110,train
9980,1110,train
9981,1110,train
9983,1110,train
9984,1110,train
9985,1110,train
9986,1110,train
9987,863,train
9988,1110,train
9989,1110,train
9990,965,train
9991,1110,train
9992,1110,train
9993,1110,train
9994,1110,train
9995,1110,train
9996,1110,train
9997,863,train
9998,863,train
9999,817,train
10000,863,train
10001,1110,train
10002,1028,train
10004,1110,train
10005,1110,train
10006,863,train
10007,1110,train
10008,1110,train
10009,817,train
10010,1110,train
10011,1110,train
10012,1110,train
10013,1110,train
10014,1110,train
10015,1110,train
10016,1110,train
10017,1110,train
10018,1110,train
10019,965,train
10020,1110,train
10023,1087,train
10025,829,train
10027,1087,train
10030,829,train
10032,1087,train
10036,829,train
10037,1087,train
10040,1103,train
10044,1087,train
10046,1103,train
10059,1103,train
10062,829,train
10069,863,train
10070,1110,train
10072,863,train
10073,1110,train
10076,1110,train
10077,863,train
10080,863,train
10081,975,train
10082,835,train
10083,1110,train
10084,863,train
10088,863,train
10089,863,train
10090,1110,train
10091,863,train
10094,863,train
10095,1110,train
10097,1110,train
10098,863,train
10099,975,train
10100,863,train
10102,863,train
10103,863,train
10104,863,train
10106,863,train
10108,1110,train
10109,863,train
10110,863,train
10111,975,train
10112,863,train
10113,996,train
10114,863,train
10116,863,train
10117,965,train
10118,835,train
10120,1110,train
10122,820,train
10123,839,train
10124,820,train
10126,820,train
10127,820,train
10128,829,train
10129,872,train
10130,820,train
10131,829,train
10132,872,train
10133,820,train
10134,1066,train
10135,1066,train
10136,820,train
10137,872,train
10138,872,train
10139,820,train
10140,839,train
10142,829,train
10144,872,train
10145,872,train
10146,820,train
10147,820,train
10148,872,train
10149,839,train
10150,872,train
10151,829,train
10152,872,train
10153,820,train
10154,829,train
10155,872,train
10156,820,train
10157,872,train
10158,820,train
10159,877,train
10160,1005,train
10161,877,train
10164,862,train
10168,862,train
10171,862,train
10172,1096,train
10177,1096,train
10178,86,train
10179,877,train
10182,1096,train
10183,862,train
10185,264,train
10191,1096,train
10192,909,train
10193,1096,train
10196,1135,train
10197,865,train
10200,1059,train
10202,909,train
10203,1096,train
10205,1096,train
10206,877,train
10207,1096,train
10212,1096,train
10213,1096,train
10217,877,train
10218,1135,train
10219,1092,train
10222,877,train
10223,1096,train
10228,877,train
10229,935,train
10230,1096,train
10231,1096,train
10232,877,train
10234,975,train
10235,131,train
10236,131,train
10237,880,train
10238,870,train
10241,592,train
10242,592,train
10245,880,train
10246,843,train
10247,863,train
10249,131,train
10250,592,train
10251,592,train
10252,870,train
10253,880,train
10254,131,train
10255,975,train
10258,131,train
10261,1056,train
10262,1110,train
10265,1110,train
10269,950,train
10270,1110,train
10272,619,train
10273,1056,train
10278,1056,train
10279,1056,train
10281,626,train
10282,1110,train
10287,1110,train
10288,950,train
10293,1056,train
10296,1094,train
10299,1110,train
10303,1110,train
10304,619,train
10309,1110,train
10310,1056,train
10311,1110,train
10316,1110,train
10318,1056,train
10319,1110,train
10320,1110,train
10324,619,train
10325,626,train
10327,626,train
10328,1110,train
10330,619,train
10331,1110,train
10332,619,train
10333,1110,train
10334,1056,train
10337,1110,train
10338,619,train
10340,1110,train
10341,619,train
10342,844,train
10343,1110,train
10344,1094,train
10345,950,train
10346,1056,train
10347,1056,train
10348,1110,train
10351,1110,train
10352,1110,train
10354,1110,train
10356,1094,train
10362,996,train
10364,1039,train
10365,1094,train
10366,1111,train
10369,1094,train
10371,1056,train
10373,1094,train
10374,1094,train
10376,1094,train
10377,1094,train
10378,1094,train
10380,1094,train
10381,941,train
10384,830,train
10385,1094,train
10386,1008,train
10387,1094,train
10388,1094,train
10391,1013,train
10393,1094,train
10394,941,train
10396,1008,train
10398,1094,train
10400,1094,train
10402,941,train
10403,1094,train
10404,941,train
10406,1039,train
10409,941,train
10410,941,train
10414,1094,train
10417,1056,train
10419,996,train
10423,1094,train
10424,1078,train
10425,1078,train
10426,1078,train
10427,1038,train
10428,819,train
10429,1078,train
10430,1126,train
10431,862,train
10432,1078,train
10433,819,train
10434,1078,train
10435,1038,train
10436,1078,train
10437,1078,train
10438,819,train
10439,1126,train
10440,1078,train
10441,819,train
10443,1078,train
10444,862,train
10446,873,train
10449,862,train
10450,862,train
10451,1078,train
10453,819,train
10455,1126,train
10458,819,train
10459,1078,train
10460,1038,train
10462,862,train
10463,1038,train
10465,862,train
10466,1078,train
10468,1078,train
10469,1038,train
10471,873,train
10472,1078,train
10473,1078,train
10475,1078,train
10476,1078,train
10477,1078,train
10478,862,train
10479,873,train
10480,862,train
10484,1110,train
10486,1110,train
10489,909,train
10490,254,train
10491,833,train
10494,1110,train
10496,254,train
10499,1110,train
10500,254,train
10501,254,train
10508,833,train
10509,1110,train
10510,1110,train
10515,254,train
10517,1110,train
10519,254,train
10520,909,train
10523,1110,train
10527,1110,train
10532,833,train
10533,833,train
10535,1110,train
10537,1110,train
10540,1110,train
10543,833,train
10545,1135,train
10546,1110,train
10547,833,train
10548,1028,train
10551,254,train
10553,833,train
10556,254,train
10560,1110,train
10562,909,train
10568,1110,train
10570,1110,train
10578,254,train
10590,1110,train
10591,1110,train
10594,879,train
10595,1009,train
10596,1068,train
10597,879,train
10600,862,train
10601,1009,train
10602,1086,train
10603,838,train
10604,838,train
10606,877,train
10607,157,train
10608,1068,train
10609,862,train
10610,879,train
10611,157,train
10612,838,train
10613,1028,train
10614,1028,train
10615,157,train
10616,1068,train
10617,1028,train
10618,877,train
10619,1068,train
10620,838,train
10621,838,train
10623,877,train
10624,877,train
10625,877,train
10626,1060,train
10628,879,train
10631,1068,train
10632,879,train
10633,879,train
10634,1060,train
10635,1068,train
10636,862,train
10637,838,train
10638,862,train
10639,1068,train
10640,879,train
10642,838,train
10643,877,train
10644,771,train
10645,879,train
10647,862,train
10648,1028,train
10649,1068,train
10650,877,train
10653,1083,train
10654,1083,train
10655,1083,train
10656,1083,train
10657,1083,train
10658,1083,train
10659,1083,train
10660,1083,train
10661,1083,train
10662,1083,train
10663,1083,train
10664,1083,train
10665,1078,train
10666,1083,train
10667,1083,train
10668,1083,train
10669,1083,train
10670,1083,train
10671,1083,train
10672,1083,train
10673,1083,train
10674,1002,train
10675,1083,train
10676,1083,train
10677,1078,train
10678,632,train
10679,1083,train
10680,1078,train
10682,1083,train
10683,1083,train
10684,907,train
10685,1083,train
10687,1083,train
10688,1083,train
10689,1083,train
10690,1083,train
10691,1083,train
10692,1083,train
10693,1083,train
10694,1083,train
10695,1083,train
10696,1083,train
10697,1083,train
10698,1083,train
10699,1083,train
10700,907,train
10701,1083,train
10703,1083,train
10705,1083,train
10707,1083,train
10708,632,train
10709,1083,train
10710,1083,train
10713,1083,train
10714,1083,train
10715,1083,train
10717,865,train
10718,1066,train
10723,865,train
10726,456,train
10727,1009,train
10728,865,train
10729,1066,train
10730,456,train
10732,1066,train
10733,886,train
10734,865,train
10735,865,train
10741,477,train
10742,838,train
10743,886,train
10745,1066,train
10747,1066,train
10748,1008,train
10750,886,train
10751,704,train
10752,456,train
10753,864,train
10757,864,train
10758,1030,train
10759,1030,train
10761,864,train
10763,864,train
10765,864,train
10766,864,train
10768,864,train
10773,864,train
10781,864,train
10782,1110,train
10783,904,train
10784,1110,train
10785,1110,train
10786,1038,train
10788,907,train
10790,907,train
10791,996,train
10792,907,train
10793,1110,train
10794,1110,train
10796,315,train
10797,315,train
10798,1003,train
10800,1110,train
10801,22,train
10802,125,train
10804,907,train
10805,1078,train
10806,907,train
10807,907,train
10808,907,train
10809,1110,train
10810,437,train
10811,1110,train
10812,907,train
10813,437,train
10814,1110,train
10815,907,train
10816,1110,train
10817,907,train
10820,907,train
10821,1110,train
10822,1110,train
10824,907,train
10825,1110,train
10826,907,train
10827,1003,train
10828,1038,train
10829,1110,train
10830,907,train
10831,1110,train
10832,1078,train
10833,1110,train
10834,1038,train
10835,1038,train
10836,1110,train
10837,1078,train
10838,1110,train
10839,1078,train
10840,1110,train
10841,1078,train
10842,1110,train
10844,1078,train
10845,1110,train
10846,907,train
10847,1110,train
10848,125,train
10849,437,train
10850,854,train
10851,854,train
10854,939,train
10855,854,train
10858,743,train
10860,863,train
10867,863,train
10869,863,train
10871,863,train
10880,863,train
10882,854,train
10883,863,train
10890,1026,train
10892,863,train
10895,863,train
10896,863,train
10901,1026,train
10913,1027,train
10914,863,train
10917,854,train
10919,1083,train
10920,1086,train
10921,1092,train
10922,1092,train
10923,1094,train
10924,1083,train
10925,1083,train
10926,1092,train
10927,1083,train
10928,1086,train
10929,1083,train
10930,1083,train
10931,1083,train
10932,1094,train
10933,1083,train
10934,1092,train
10935,1092,train
10936,1092,train
10937,1083,train
10938,1083,train
10939,1092,train
10940,1094,train
10941,1086,train
10942,1092,train
10943,172,train
10944,1092,train
10945,172,train
10946,172,train
10947,1107,train
10948,1092,train
10949,1107,train
10950,1092,train
10951,1083,train
10952,1083,train
10953,1083,train
10954,1094,train
10955,1092,train
10956,1092,train
10957,986,train
10958,1086,train
10959,1083,train
10960,1053,train
10961,1086,train
10962,1094,train
10963,1092,train
10964,1083,train
10965,1086,train
10966,1094,train
10967,1092,train
10968,1092,train
10969,1008,train
10970,1092,train
10971,1083,train
10972,934,train
10973,172,train
10974,1092,train
10975,1092,train
10976,1092,train
10977,1086,train
10978,1008,train
10979,1092,train
10980,1092,train
10981,1092,train
10982,172,train
10983,1092,train
10984,1092,train
10985,1107,train
10986,1092,train
10987,1092,train
10988,1092,train
10989,1092,train
10990,1092,train
10991,1092,train
10992,1083,train
10993,1092,train
10994,1086,train
10995,172,train
10996,1092,train
10997,172,train
10998,1008,train
10999,1086,train
11000,1086,train
11001,1086,train
11002,986,train
11003,1086,train
11004,1083,train
11006,1092,train
11007,1092,train
11008,1086,train
11009,172,train
11010,1066,train
11011,1093,train
11013,1093,train
11014,825,train
11015,1094,train
11016,1093,train
11017,1093,train
11018,1086,train
11020,877,train
11022,1093,train
11026,830,train
11027,830,train
11029,872,train
11030,877,train
11032,872,train
11033,1093,train
11034,877,train
11035,1093,train
11036,1093,train
11038,830,train
11039,1093,train
11042,1093,train
11044,877,train
11045,1093,train
11046,1093,train
11047,1094,train
11049,1093,train
11051,1093,train
11053,1103,train
11054,866,train
11055,1092,train
11056,866,train
11057,664,train
11058,1092,train
11059,866,train
11060,403,train
11061,1103,train
11064,791,train
11065,1092,train
11066,866,train
11067,866,train
11068,403,train
11069,1086,train
11070,1086,train
11071,1103,train
11072,1092,train
11073,1086,train
11075,664,train
11076,866,train
11079,876,train
11080,873,train
11081,1030,train
11086,208,train
11087,872,train
11089,829,train
11090,872,train
11092,829,train
11093,873,train
11094,873,train
11095,1030,train
11097,829,train
11098,873,train
11099,873,train
11101,1110,train
11103,873,train
11104,876,train
11105,829,train
11106,829,train
11108,872,train
11111,873,train
11112,829,train
11114,829,train
11115,873,train
11116,876,train
11117,829,train
11118,829,train
11120,1075,train
11121,820,train
11122,862,train
11124,906,train
11125,996,train
11126,862,train
11129,1075,train
11130,862,train
11131,862,train
11134,1078,train
11135,1028,train
11136,862,train
11138,1078,train
11139,862,train
11141,1115,train
11143,1075,train
11144,1075,train
11145,1028,train
11146,862,train
11147,1078,train
11148,862,train
11149,862,train
11150,862,train
11151,906,train
11152,1115,train
11153,1075,train
11154,1075,train
11156,862,train
11157,862,train
11158,862,train
11160,1078,train
11161,906,train
11163,996,train
11164,996,train
11165,862,train
11166,1078,train
11167,906,train
11168,862,train
11169,862,train
11170,1075,train
11172,862,train
11173,996,train
11175,1075,train
11177,1078,train
11178,996,train
11179,1075,train
11180,1078,train
11182,820,train
11183,996,train
11185,862,train
11186,820,train
11187,1078,train
11194,872,train
11195,864,train
11201,558,train
11203,830,train
11205,872,train
11206,864,train
11209,872,train
11210,872,train
11211,830,train
11212,872,train
11213,872,train
11214,1068,train
11217,872,train
11218,1068,train
11222,872,train
11223,872,train
11224,872,train
11227,1126,train
11228,872,train
11230,1068,train
11231,872,train
11232,864,train
11233,872,train
11234,872,train
11235,872,train
11236,558,train
11237,872,train
11239,872,train
11240,558,train
11241,1068,train
11243,864,train
11244,830,train
11245,872,train
11247,1087,train
11250,872,train
11251,872,train
11252,864,train
11253,872,train
11254,864,train
11255,864,train
11256,864,train
11257,872,train
11259,830,train
11260,864,train
11262,872,train
11264,872,train
11266,1096,train
11267,1094,train
11268,829,train
11269,1096,train
11270,1096,train
11271,1096,train
11272,829,train
11273,829,train
11274,829,train
11275,829,train
11276,829,train
11277,829,train
11278,872,train
11279,1096,train
11280,1094,train
11281,829,train
11282,1096,train
11283,829,train
11284,829,train
11285,1096,train
11286,1094,train
11287,829,train
11288,829,train
11289,1096,train
11290,1096,train
11291,873,train
11292,1094,train
11293,829,train
11294,829,train
11296,873,train
11297,1096,train
11298,829,train
11299,829,train
11300,829,train
11301,1096,train
11302,829,train
11303,830,train
11304,829,train
11305,877,train
11306,1096,train
11307,873,train
11308,829,train
11309,986,train
11310,1094,train
11311,986,train
11312,873,train
11313,829,train
11314,829,train
11316,873,train
11317,829,train
11318,1094,train
11319,829,train
11320,829,train
11321,1094,train
11322,829,train
11323,872,train
11324,1096,train
11325,873,train
11326,829,train
11327,829,train
11328,1096,train
11330,1096,train
11331,829,train
11332,1096,train
11334,829,train
11335,873,train
11336,1096,train
11337,829,train
11338,829,train
11339,1096,train
11340,829,train
11341,829,train
11343,829,train
11344,829,train
11345,1086,train
11346,956,train
11347,1086,train
11348,1086,train
11351,975,train
11356,1086,train
11357,1086,train
11358,995,train
11359,956,train
11362,1086,train
11364,956,train
11365,975,train
11366,1086,train
11368,995,train
11369,933,train
11370,1086,train
11371,1086,train
11372,1086,train
11378,995,train
11380,1086,train
11381,933,train
11386,1094,train
11392,1094,train
11399,1070,train
11403,1030,train
11406,572,train
11411,1094,train
11414,1070,train
11415,1030,train
11419,572,train
11427,825,train
11431,903,train
11442,825,train
11455,861,train
11457,1065,train
11467,903,train
11472,903,train
11474,825,train
11479,861,train
11485,825,train
11486,939,train
11497,939,train
11498,862,train
11499,941,train
11501,941,train
11502,941,train
11504,862,train
11505,941,train
11506,941,train
11507,941,train
11509,941,train
11510,941,train
11514,1066,train
11516,941,train
11517,862,train
11518,1066,train
11519,1131,train
11520,941,train
11521,141,train
11522,941,train
11523,965,train
11524,941,train
11525,941,train
11527,941,train
11528,1131,train
11529,862,train
11530,862,train
11531,941,train
11532,941,train
11533,1119,train
11538,667,train
11539,863,train
11540,863,train
11542,998,train
11543,998,train
11546,995,train
11547,667,train
11549,863,train
11552,1119,train
11554,667,train
11556,863,train
11557,667,train
11562,1119,train
11563,863,train
11564,863,train
11565,863,train
11567,1119,train
11568,667,train
11569,667,train
11570,862,train
11571,835,train
11572,983,train
11573,835,train
11574,835,train
11575,862,train
11576,824,train
11577,824,train
11578,1110,train
11579,862,train
11580,862,train
11581,824,train
11582,1078,train
11583,903,train
11584,1110,train
11585,835,train
11586,862,train
11587,862,train
11588,824,train
11589,835,train
11590,903,train
11591,835,train
11592,903,train
11593,1110,train
11594,950,train
11595,1078,train
11596,939,train
11597,950,train
11598,1078,train
11599,835,train
11601,862,train
11602,835,train
11603,862,train
11604,862,train
11605,835,train
11606,983,train
11607,835,train
11608,1110,train
11609,824,train
11610,950,train
11611,824,train
11612,835,train
11613,983,train
11614,1110,train
11615,862,train
11616,1078,train
11617,939,train
11618,840,train
11619,862,train
11620,862,train
11621,1078,train
11622,862,train
11623,862,train
11624,983,train
11625,835,train
11626,835,train
11627,983,train
11628,950,train
11629,835,train
11630,840,train
11631,1078,train
11632,983,train
11633,1110,train
11634,840,train
11635,862,train
11636,939,train
11637,835,train
11638,1078,train
11642,840,train
11643,862,train
11644,835,train
11645,824,train
11646,835,train
11647,835,train
11649,1078,train
11650,693,train
11654,861,train
11657,1078,train
11662,1078,train
11663,861,train
11665,1078,train
11667,1078,train
11670,682,train
11672,693,train
11673,693,train
11674,1078,train
11675,1092,train
11676,825,train
11677,825,train
11678,830,train
11679,830,train
11680,1078,train
11681,825,train
11682,825,train
11683,825,train
11684,830,train
11685,825,train
11687,1078,train
11688,825,train
11689,830,train
11690,1078,train
11691,1092,train
11692,1078,train
11693,1028,train
11694,1028,train
11696,1078,train
11697,1028,train
11698,1078,train
11699,1092,train
11700,1028,train
11702,1078,train
11705,1078,train
11709,1078,train
11712,1078,train
11720,1078,train
11722,975,train
11723,1078,train
11726,1117,train
11730,1078,train
11736,1078,train
11740,1078,train
11741,1078,train
11744,1038,train
11745,1078,train
11749,1078,train
11750,1078,train
11752,1078,train
11761,907,train
11766,986,train
11770,829,train
11771,1054,train
11772,865,train
11773,986,train
11775,829,train
11776,829,train
11777,1052,train
11779,1054,train
11781,865,train
11784,1052,train
11785,829,train
11787,1052,train
11788,695,train
11790,865,train
11792,1052,train
11793,829,train
11795,907,train
11796,1054,train
11798,829,train
11799,1054,train
11800,1054,train
11802,907,train
11804,907,train
11809,865,train
11810,695,train
11811,829,train
11816,829,train
11818,829,train
11825,865,train
11833,865,train
11835,829,train
11836,907,train
11838,872,train
11839,872,train
11840,872,train
11842,1111,train
11844,1059,train
11845,872,train
11846,872,train
11848,872,train
11849,872,train
11853,1059,train
11854,1054,train
11855,872,train
11857,872,train
11858,872,train
11859,872,train
11860,872,train
11861,879,train
11862,872,train
11863,1059,train
11865,879,train
11866,872,train
11868,872,train
11870,879,train
11871,872,train
11872,1117,train
11873,872,train
11874,1054,train
11876,1059,train
11877,872,train
11878,872,train
11879,872,train
11882,829,train
11884,872,train
11885,872,train
11887,854,train
11889,854,train
11890,872,train
11891,872,train
11892,872,train
11893,196,train
11895,854,train
11896,196,train
11897,872,train
11898,866,train
11899,854,train
11900,1052,train
11903,872,train
11905,196,train
11907,829,train
11908,1052,train
11909,872,train
11918,829,train
11919,872,train
11920,854,train
11921,829,train
11923,196,train
11924,872,train
11927,196,train
11928,829,train
11929,829,train
11931,829,train
11932,829,train
11934,829,train
11935,829,train
11937,829,train
11938,829,train
11939,824,train
11940,829,train
11941,473,train
11942,829,train
11943,829,train
11944,829,train
11945,829,train
11946,829,train
11947,941,train
11948,829,train
11949,829,train
11950,829,train
11951,829,train
11952,829,train
11953,824,train
11954,869,train
11955,1077,train
11956,829,train
11957,829,train
11958,1077,train
11959,829,train
11960,829,train
11961,829,train
11962,829,train
11963,829,train
11964,829,train
11965,1077,train
11966,824,train
11967,869,train
11968,829,train
11969,829,train
11970,824,train
11971,872,train
11972,829,train
11973,872,train
11975,1077,train
11977,829,train
11978,829,train
11979,473,train
11980,829,train
11981,829,train
11983,829,train
11985,1031,train
11986,804,train
11987,1077,train
11988,602,train
11989,820,train
11990,1077,train
11992,1077,train
11993,1077,train
11994,1077,train
11995,1008,train
11997,804,train
11998,602,train
12001,1094,train
12004,1077,train
12005,1031,train
12006,1031,train
12007,602,train
12008,1008,train
12009,1077,train
12010,1008,train
12011,1077,train
12012,820,train
12015,1077,train
12016,602,train
12019,1008,train
12020,602,train
12021,1008,train
12022,1008,train
12024,602,train
12025,1008,train
12026,1077,train
12028,1077,train
12031,602,train
12033,1077,train
12034,872,train
12035,1059,train
12037,872,train
12038,872,train
12039,863,train
12040,1092,train
12041,1059,train
12042,1092,train
12043,1059,train
12044,863,train
12045,872,train
12048,1110,train
12051,1092,train
12052,828,train
12054,1092,train
12055,863,train
12056,872,train
12057,1027,train
12058,1092,train
12059,1059,train
12060,1059,train
12061,872,train
12062,872,train
12063,1092,train
12065,1059,train
12067,1059,train
12068,1092,train
12069,1110,train
12071,1059,train
12073,633,train
12074,1059,train
12075,1059,train
12076,1092,train
12077,872,train
12079,985,train
12080,734,train
12081,933,train
12082,1046,train
12083,1055,train
12084,1094,train
12085,1055,train
12088,985,train
12089,985,train
12090,501,train
12092,1094,train
12093,501,train
12095,933,train
12096,1055,train
12097,501,train
12098,1094,train
12099,985,train
12101,711,train
12103,501,train
12109,985,train
12111,872,train
12112,872,train
12113,872,train
12114,935,train
12115,872,train
12116,872,train
12117,1126,train
12118,1126,train
12119,872,train
12120,872,train
12121,872,train
12122,872,train
12124,1126,train
12128,1009,train
12130,519,train
12131,872,train
12132,872,train
12134,872,train
12135,1078,train
12136,828,train
12138,865,train
12139,1068,train
12141,865,train
12142,865,train
12143,1068,train
12144,862,train
12145,865,train
12146,865,train
12147,857,train
12148,865,train
12150,865,train
12151,1078,train
12152,1068,train
12154,1068,train
12156,828,train
12157,1068,train
12158,1078,train
12159,865,train
12160,1078,train
12162,1078,train
12164,1078,train
12165,857,train
12166,857,train
12168,865,train
12169,1078,train
12170,1068,train
12171,865,train
12172,1078,train
12173,862,train
12174,828,train
12175,828,train
12176,1068,train
12179,869,train
12181,1075,train
12182,869,train
12183,869,train
12184,1083,train
12186,828,train
12188,186,train
12189,1083,train
12190,869,train
12191,1068,train
12194,869,train
12195,1083,train
12196,869,train
12198,966,train
12199,828,train
12201,828,train
12203,869,train
12204,1083,train
12205,828,train
12206,869,train
12207,1083,train
12208,1091,train
12209,1110,train
12211,1091,train
12212,1091,train
12213,301,train
12214,1091,train
12215,1091,train
12216,879,train
12217,1091,train
12218,1091,train
12221,1091,train
12223,301,train
12224,879,train
12225,1110,train
12226,1091,train
12227,1091,train
12228,301,train
12229,903,train
12230,903,train
12233,879,train
12234,1091,train
12235,1091,train
12236,301,train
12238,1110,train
12242,1110,train
12243,1078,train
12244,1110,train
12245,1110,train
12246,1078,train
12248,1078,train
12249,1059,train
12250,112,train
12251,1078,train
12252,1110,train
12253,1110,train
12254,377,train
12255,1110,train
12257,1110,train
12258,1078,train
12259,1078,train
12260,377,train
12261,377,train
12262,1059,train
12263,377,train
12264,1030,train
12265,1059,train
12266,1110,train
12267,377,train
12268,112,train
12269,1028,train
12270,1110,train
12271,377,train
12272,1078,train
12273,1110,train
12274,377,train
12275,1078,train
12276,1078,train
12277,377,train
12278,1078,train
12279,1059,train
12285,873,train
12287,258,train
12290,873,train
12292,509,train
12293,996,train
12294,569,train
12297,509,train
12298,569,train
12299,873,train
12300,569,train
12301,899,train
12302,509,train
12303,569,train
12306,569,train
12307,873,train
12312,996,train
12313,509,train
12314,873,train
12315,471,train
12318,1012,train
12321,1060,train
12324,1060,train
12328,1060,train
12329,999,train
12330,1060,train
12344,415,train
12345,817,train
12347,822,train
12352,1078,train
12354,933,train
12356,822,train
12357,985,train
12359,1078,train
12360,822,train
12361,817,train
12364,822,train
12366,903,train
12367,839,train
12372,934,train
12373,985,train
12375,1078,train
12377,1078,train
12378,1078,train
12380,1078,train
12383,1078,train
12384,822,train
12385,817,train
12386,822,train
12388,1078,train
12393,839,train
12394,839,train
12395,839,train
12396,863,train
12397,45,train
12398,863,train
12399,839,train
12400,863,train
12401,863,train
12402,863,train
12403,839,train
12404,863,train
12405,829,train
12406,863,train
12407,863,train
12408,863,train
12409,828,train
12410,829,train
12411,839,train
12412,863,train
12413,863,train
12414,863,train
12415,863,train
12416,839,train
12418,863,train
12420,839,train
12422,829,train
12423,839,train
12425,863,train
12426,839,train
12428,863,train
12429,839,train
12432,863,train
12433,828,train
12434,839,train
12435,829,train
12436,863,train
12451,872,train
12453,862,train
12456,862,train
12458,862,train
12463,1108,train
12464,862,train
12474,1170,train
12482,872,train
12492,862,train
12493,1108,train
12498,862,train
12502,1108,train
12505,835,train
12506,862,train
12507,1108,train
12508,975,train
12510,862,train
12512,1108,train
12516,1059,train
12517,175,train
12518,1060,train
12519,883,train
12520,911,train
12521,1059,train
12522,1059,train
12523,1060,train
12527,883,train
12528,862,train
12529,824,train
12530,1059,train
12531,883,train
12532,1059,train
12533,1059,train
12535,1060,train
12536,1059,train
12538,883,train
12539,1060,train
12540,862,train
12541,1060,train
12542,1060,train
12544,883,train
12545,1060,train
12546,883,train
12549,1030,train
12550,1059,train
12551,824,train
12556,1060,train
12560,883,train
12561,824,train
12562,1059,train
12563,1059,train
12564,1059,train
12566,1060,train
12567,1030,train
12568,1030,train
12570,862,train
12571,1060,train
12572,1059,train
12573,1060,train
12574,824,train
12577,883,train
12578,1060,train
12579,1059,train
12580,883,train
12581,1060,train
12582,1060,train
12583,1060,train
12586,820,train
12587,833,train
12589,862,train
12590,862,train
12591,833,train
12594,820,train
12595,824,train
12601,1111,train
12603,996,train
12605,862,train
12609,833,train
12611,1111,train
12613,752,train
12616,1111,train
12621,833,train
12622,820,train
12625,820,train
12627,370,train
12629,820,train
12632,862,train
12633,824,train
12634,820,train
12635,28,train
12637,862,train
12639,820,train
12640,862,train
12641,820,train
12644,370,train
12645,862,train
12646,752,train
12648,820,train
12649,866,train
12659,1059,train
12660,1110,train
12661,866,train
12662,1059,train
12663,999,train
12664,1059,train
12665,999,train
12666,1030,train
12668,1059,train
12669,1110,train
12670,1110,train
12671,1110,train
12672,1059,train
12674,1110,train
12676,1110,train
12681,1059,train
12687,866,train
12690,866,train
12692,1082,train
12693,1051,train
12694,1082,train
12696,1051,train
12697,1110,train
12698,829,train
12699,1110,train
12700,866,train
12701,1082,train
12702,1082,train
12703,1051,train
12704,866,train
12705,1110,train
12706,1082,train
12707,829,train
12708,1110,train
12710,1110,train
12711,1051,train
12713,1110,train
12714,829,train
12715,1082,train
12716,866,train
12717,1082,train
12718,829,train
12719,1082,train
12720,1110,train
12721,1110,train
12722,1082,train
12723,829,train
12724,1082,train
12725,1082,train
12726,1110,train
12727,1082,train
12728,1082,train
12729,1082,train
12730,1082,train
12731,1110,train
12732,1051,train
12733,1082,train
12734,1110,train
12735,1082,train
12736,1110,train
12737,1082,train
12738,1051,train
12739,1110,train
12740,866,train
12741,1082,train
12742,1082,train
12743,1110,train
12744,1110,train
12745,1110,train
12746,1051,train
12748,876,train
12750,820,train
12752,876,train
12754,876,train
12756,1084,train
12757,820,train
12760,423,train
12761,876,train
12762,876,train
12763,876,train
12765,876,train
12767,876,train
12768,820,train
12769,876,train
12771,876,train
12773,876,train
12775,876,train
12776,876,train
12779,876,train
12780,876,train
12784,820,train
12785,1008,train
12788,1008,train
12789,1008,train
12791,703,train
12792,828,train
12793,1028,train
12796,828,train
12799,822,train
12800,1028,train
12805,1008,train
12807,1008,train
12810,828,train
12811,828,train
12812,828,train
12813,1008,train
12821,975,train
12823,975,train
12824,1009,train
12825,975,train
12828,975,train
12831,1009,train
12833,1059,train
12834,1009,train
12837,975,train
12839,1059,train
12840,975,train
12841,975,train
12842,1059,train
12843,975,train
12844,975,train
12846,975,train
12847,975,train
12848,975,train
12849,975,train
12850,1009,train
12853,975,train
12854,1059,train
12855,1059,train
12856,975,train
12857,1009,train
12858,975,train
12860,1009,train
12863,74,train
12864,1059,train
12868,1078,train
12870,1078,train
12871,1078,train
12873,1030,train
12874,941,train
12875,1078,train
12876,1078,train
12877,1078,train
12878,1078,train
12881,1078,train
12882,733,train
12884,1078,train
12885,1078,train
12887,1078,train
12888,841,train
12889,829,train
12890,540,train
12891,1030,train
12893,829,train
12894,863,train
12895,991,train
12898,941,train
12899,1078,train
12900,863,train
12901,1078,train
12902,1078,train
12903,1078,train
12904,1078,train
12908,1078,train
12909,1078,train
12910,1078,train
12911,829,train
12912,863,train
12913,1078,train
12914,1078,train
12915,941,train
12916,941,train
12917,1078,train
12918,1078,train
12920,1126,train
12921,1078,train
12922,733,train
12925,1078,train
12926,1078,train
12927,733,train
12928,733,train
12929,941,train
12930,1078,train
12931,941,train
12932,1078,train
12934,941,train
12935,1078,train
12936,1078,train
12937,1078,train
12940,840,train
12943,872,train
12944,840,train
12946,218,train
12949,872,train
12952,872,train
12953,872,train
12954,838,train
12955,103,train
12956,829,train
12957,859,train
12958,1078,train
12960,1078,train
12962,829,train
12965,829,train
12966,829,train
12967,661,train
12968,829,train
12969,1078,train
12970,829,train
12971,1078,train
12972,661,train
12974,865,train
12975,1078,train
12976,829,train
12977,1078,train
12978,1078,train
12979,829,train
12980,829,train
12981,829,train
12982,1078,train
12983,829,train
12984,1078,train
12985,1078,train
12987,1078,train
12990,661,train
12991,829,train
12992,1078,train
12993,829,train
12994,829,train
12995,1078,train
12996,829,train
12997,859,train
12999,1094,train
13000,661,train
13002,829,train
13003,1078,train
13006,1078,train
13007,829,train
13008,1078,train
13009,1078,train
13010,1078,train
13011,1059,train
13014,926,train
13017,1059,train
13019,1059,train
13023,1078,train
13024,926,train
13025,1059,train
13026,917,train
13027,1082,train
13028,1059,train
13029,917,train
13030,1059,train
13031,926,train
13033,1078,train
13034,1078,train
13036,1059,train
13038,1059,train
13040,1078,train
13041,1059,train
13042,1078,train
13043,926,train
13044,926,train
13047,986,train
13049,1078,train
13051,1094,train
13052,933,train
13053,975,train
13054,98,train
13056,933,train
13059,1094,train
13060,828,train
13061,1094,train
13065,1031,train
13066,1078,train
13067,975,train
13068,1094,train
13070,1078,train
13071,1094,train
13072,1094,train
13075,1059,train
13076,975,train
13078,1078,train
13079,1094,train
13080,1094,train
13082,1094,train
13085,1094,train
13086,1094,train
13089,1078,train
13090,975,train
13091,1094,train
13092,1094,train
13099,1059,train
13100,933,train
13101,975,train
13102,975,train
13104,1078,train
13107,1078,train
13109,1094,train
13110,1078,train
13112,1078,train
13114,1094,train
13115,1094,train
13116,1078,train
13117,1094,train
13118,1094,train
13119,975,train
13123,1094,train
13124,1078,train
13126,1094,train
13127,1078,train
13128,975,train
13130,975,train
13132,1078,train
13133,1094,train
13134,1094,train
13135,933,train
13138,1078,train
13139,975,train
13140,1078,train
13141,1094,train
13144,975,train
13145,1078,train
13150,1094,train
13153,975,train
13154,1078,train
13157,1094,train
13158,933,train
13159,975,train
13160,1078,train
13161,975,train
13162,1078,train
13164,1094,train
13165,1078,train
13166,1078,train
13169,1078,train
13170,1078,train
13172,1084,train
13173,1078,train
13175,1078,train
13177,1030,train
13181,1078,train
13182,1078,train
13186,1078,train
13188,1078,train
13189,1078,train
13190,1078,train
13191,1078,train
13193,263,train
13194,1078,train
13195,1078,train
13196,1084,train
13198,1078,train
13199,1078,train
13200,1078,train
13202,1078,train
13203,1030,train
13207,1078,train
13208,1078,train
13209,1078,train
13210,1078,train
13211,1078,train
13212,1078,train
13213,1078,train
13214,1078,train
13216,1078,train
13217,1078,train
13218,1078,train
13220,1078,train
13221,1078,train
13222,1078,train
13224,1078,train
13225,1078,train
13226,1078,train
13228,1078,train
13229,1054,train
13230,1078,train
13231,1078,train
13232,1078,train
13233,1078,train
13234,1078,train
13238,1078,train
13239,1030,train
13240,1078,train
13242,1084,train
13243,1078,train
13244,1078,train
13245,1078,train
13247,1078,train
13248,1078,train
13249,1078,train
13252,1078,train
13255,1078,train
13256,862,train
13258,1039,train
13262,909,train
13263,903,train
13265,862,train
13266,909,train
13269,862,train
13270,909,train
13272,909,train
13274,995,train
13275,903,train
13280,914,train
13285,909,train
13286,862,train
13287,710,train
13289,710,train
13291,995,train
13296,862,train
13299,829,train
13300,1038,train
13306,1038,train
13308,1038,train
13309,864,train
13310,872,train
13311,1038,train
13312,1049,train
13314,1077,train
13315,1038,train
13316,1038,train
13318,1077,train
13320,1077,train
13322,1077,train
13323,1038,train
13324,1038,train
13325,1049,train
13326,1038,train
13327,1038,train
13328,980,train
13329,1038,train
13331,872,train
13333,980,train
13334,829,train
13335,1038,train
13336,1038,train
13337,1038,train
13338,988,train
13339,829,train
13341,829,train
13342,1077,train
13345,872,train
13346,803,train
13347,1038,train
13348,1038,train
13349,1038,train
13351,1038,train
13352,803,train
13353,1038,train
13356,1038,train
13358,870,train
13359,870,train
13360,870,train
13361,975,train
13362,866,train
13363,866,train
13364,870,train
13366,866,train
13371,909,train
13372,909,train
13374,1153,train
13377,909,train
13378,1153,train
13383,1153,train
13385,1153,train
13386,811,train
13391,811,train
13393,1153,train
13396,975,train
13398,1094,train
13401,1049,train
13403,864,train
13404,1078,train
13405,864,train
13407,1110,train
13409,864,train
13410,1103,train
13411,1078,train
13412,1094,train
13413,1110,train
13416,1094,train
13417,1135,train
13418,864,train
13419,864,train
13420,1078,train
13421,1078,train
13422,1094,train
13423,1094,train
13424,1094,train
13425,1094,train
13427,1094,train
13430,10,train
13431,1110,train
13434,1094,train
13452,1102,train
13461,1054,train
13466,921,train
13471,1102,train
13478,1094,train
13479,1094,train
13480,873,train
13481,1094,train
13482,1094,train
13483,1094,train
13484,1094,train
13488,909,train
13490,1094,train
13491,909,train
13493,909,train
13495,1094,train
13498,1094,train
13501,909,train
13503,1094,train
13505,1092,train
13506,1053,train
13507,1092,train
13508,1053,train
13512,1053,train
13513,1094,train
13514,909,train
13515,909,train
13517,1053,train
13519,1094,train
13520,1094,train
13521,1053,train
13522,1094,train
13523,909,train
13526,909,train
13529,1094,train
13532,1003,train
13535,1094,train
13538,1094,train
13539,909,train
13541,909,train
13542,1094,train
13544,1094,train
13546,1094,train
13547,1094,train
13549,1094,train
13556,1094,train
13560,857,train
13564,1077,train
13565,1077,train
13566,828,train
13568,1077,train
13572,1077,train
13574,1077,train
13575,1077,train
13576,1077,train
13578,1077,train
13580,828,train
13588,698,train
13589,1077,train
13590,872,train
13592,872,train
13593,1077,train
13595,828,train
13598,1077,train
13599,1077,train
13606,828,train
13607,1075,train
13608,1124,train
13610,1077,train
13611,1077,train
13614,1077,train
13617,1077,train
13622,1075,train
13625,1077,train
13626,1077,train
13628,1078,train
13629,1078,train
13630,1078,train
13631,1078,train
13632,1078,train
13634,1078,train
13635,1078,train
13636,1078,train
13637,1078,train
13638,1078,train
13639,1078,train
13640,436,train
13641,1078,train
13642,1078,train
13643,1078,train
13644,1078,train
13645,1078,train
13646,1078,train
13647,934,train
13648,1078,train
13649,1078,train
13650,1078,train
13651,1078,train
13652,907,train
13653,1078,train
13654,1078,train
13655,280,train
13656,1078,train
13657,1078,train
13658,1078,train
13659,877,train
13660,1078,train
13661,1078,train
13662,1008,train
13664,824,train
13665,1008,train
13669,1056,train
13672,1008,train
13673,1008,train
13676,873,train
13677,1008,train
13678,669,train
13679,873,train
13681,873,train
13682,873,train
13685,1008,train
13686,1008,train
13687,824,train
13690,1008,train
13691,873,train
13692,873,train
13696,1008,train
13697,873,train
13698,824,train
13699,1008,train
13701,1008,train
13702,873,train
13703,873,train
13704,873,train
13706,873,train
13707,1008,train
13709,1008,train
13710,873,train
13711,862,train
13712,862,train
13713,862,train
13714,1078,train
13715,1078,train
13716,862,train
13717,862,train
13718,862,train
13720,862,train
13721,1078,train
13722,862,train
13723,1078,train
13724,1078,train
13725,862,train
13726,1078,train
13727,862,train
13730,862,train
13731,862,train
13732,862,train
13733,1078,train
13734,1078,train
13735,862,train
13736,1078,train
13737,1078,train
13739,862,train
13741,1078,train
13742,862,train
13743,1078,train
13744,1078,train
13745,1078,train
13746,1078,train
13747,1078,train
13749,1078,train
13750,872,train
13751,909,train
13753,909,train
13755,857,train
13756,1078,train
13757,1078,train
13758,1078,train
13760,872,train
13761,857,train
13762,857,train
13763,1078,train
13765,857,train
13769,1078,train
13771,1078,train
13772,1078,train
13773,1070,train
13774,1078,train
13779,1066,train
13781,1078,train
13782,1078,train
13783,974,train
13785,1070,train
13786,1070,train
13792,1078,train
13796,872,train
13797,872,train
13798,1078,train
13799,1078,train
13801,857,train
13803,1078,train
13805,1078,train
13806,1078,train
13807,1078,train
13808,872,train
13812,909,train
13814,1078,train
13815,1078,train
13819,857,train
13820,1078,train
13821,909,train
13822,974,train
13823,1078,train
13824,898,train
13826,1078,train
13827,1078,train
13829,1070,train
13832,1078,train
13833,909,train
13834,1078,train
13839,1078,train
13840,857,train
13842,1078,train
13843,857,train
13844,1070,train
13846,1078,train
13848,872,train
13851,1078,train
13852,1078,train
13853,1070,train
13854,1066,train
13856,857,train
13857,1066,train
13859,1070,train
13860,1066,train
13861,857,train
13865,1078,train
13868,1078,train
13872,835,train
13873,857,train
13875,1078,train
13878,835,train
13881,1078,train
13882,1075,train
13883,872,train
13884,1030,train
13886,872,train
13887,872,train
13888,1087,train
13890,281,train
13892,281,train
13894,281,train
13896,1110,train
13897,1110,train
13898,1047,train
13899,1110,train
13900,1110,train
13901,1047,train
13902,1047,train
13903,1047,train
13904,1110,train
13905,996,train
13907,825,train
13908,865,train
13910,420,train
13911,996,train
13912,825,train
13913,996,train
13914,1047,train
13916,865,train
13917,865,train
13918,825,train
13919,1047,train
13920,996,train
13921,1110,train
13922,1047,train
13923,420,train
13924,996,train
13925,996,train
13926,1135,train
13927,1047,train
13929,1047,train
13930,825,train
13931,420,train
13932,1110,train
13933,1047,train
13934,1016,train
13935,865,train
13936,1098,train
13937,1110,train
13938,1110,train
13939,1110,train
13940,996,train
13941,1110,train
13942,1110,train
13943,420,train
13944,825,train
13945,1111,train
13946,1098,train
13947,1110,train
13949,1047,train
13950,1047,train
13951,996,train
13952,128,train
13953,828,train
13954,128,train
13955,828,train
13956,862,train
13958,862,train
13959,1094,train
13960,828,train
13961,1094,train
13962,1098,train
13963,828,train
13964,128,train
13965,862,train
13966,862,train
13967,128,train
13969,1094,train
13971,862,train
13972,862,train
13976,828,train
13977,862,train
13979,128,train
13980,1098,train
13981,862,train
13982,863,train
13984,1094,train
13987,863,train
13988,862,train
13989,862,train
13990,862,train
13991,1094,train
13992,862,train
13994,1094,train
13995,863,train
13997,828,train
13998,128,train
13999,863,train
14000,863,train
14001,828,train
14003,1001,train
14004,939,train
14005,939,train
14006,939,train
14007,903,train
14008,1094,train
14009,939,train
14010,1110,train
14012,939,train
14013,939,train
14015,903,train
14017,1094,train
14019,1001,train
14020,939,train
14021,939,train
14022,1110,train
14024,828,train
14025,864,train
14026,939,train
14027,939,train
14031,939,train
14034,1094,train
14035,939,train
14036,1110,train
14037,939,train
14041,903,train
14042,1110,train
14043,939,train
14044,903,train
14045,903,train
14046,1001,train
14047,1110,train
14049,864,train
14050,939,train
14052,903,train
14053,864,train
14054,1110,train
14058,864,train
14059,1001,train
14061,939,train
14064,939,train
14065,830,train
14068,1001,train
14069,1110,train
14070,1110,train
14071,939,train
14072,864,train
14073,939,train
14074,1110,train
14075,1110,train
14076,1110,train
14078,829,train
14081,1009,train
14083,980,train
14085,1077,train
14086,829,train
14087,829,train
14088,93,train
14090,1009,train
14091,829,train
14093,829,train
14096,829,train
14097,980,train
14099,686,train
14100,829,train
14101,1077,train
14102,1077,train
14103,1077,train
14104,1077,train
14105,829,train
14107,829,train
14108,829,train
14109,829,train
14110,829,train
14111,93,train
14112,828,train
14113,829,train
14114,1077,train
14116,921,train
14122,975,train
14123,921,train
14124,911,train
14126,921,train
14127,975,train
14128,985,train
14130,180,train
14131,180,train
14132,985,train
14133,862,train
14134,680,train
14135,862,train
14136,862,train
14137,1059,train
14139,862,train
14140,180,train
14141,1059,train
14143,1059,train
14145,862,train
14146,862,train
14149,829,train
14151,1028,train
14152,1083,train
14153,1083,train
14155,1083,train
14156,1083,train
14157,862,train
14158,866,train
14160,862,train
14161,862,train
14163,1030,train
14164,866,train
14165,876,train
14168,1030,train
14169,840,train
14170,876,train
14173,876,train
14174,1083,train
14175,1083,train
14176,876,train
14178,1083,train
14179,876,train
14180,862,train
14181,1028,train
14184,999,train
14185,1083,train
14186,1083,train
14187,866,train
14191,1083,train
14192,876,train
14193,876,train
14194,862,train
14196,1030,train
14197,876,train
14199,1028,train
14200,876,train
14202,1083,train
14203,1077,train
14204,857,train
14205,1049,train
14206,1049,train
14207,865,train
14208,857,train
14209,1077,train
14210,1077,train
14211,857,train
14212,857,train
14213,861,train
14215,857,train
14216,857,train
14219,1077,train
14220,857,train
14221,861,train
14222,1077,train
14223,1077,train
14224,932,train
14228,932,train
14229,1111,train
14235,966,train
14236,966,train
14238,966,train
14239,966,train
14243,966,train
14245,966,train
14246,966,train
14247,966,train
14248,966,train
14250,1124,train
14254,879,train
14256,402,train
14257,879,train
14258,879,train
14259,1110,train
14260,965,train
14262,869,train
14263,879,train
14265,879,train
14266,879,train
14268,965,train
14269,1075,train
14270,1094,train
14271,879,train
14272,879,train
14273,879,train
14274,879,train
14276,1110,train
14278,879,train
14279,879,train
14280,1110,train
14282,879,train
14284,879,train
14286,402,train
14288,879,train
14290,879,train
14292,879,train
14293,879,train
14294,879,train
14295,965,train
14296,1047,train
14297,886,train
14298,1111,train
14299,829,train
14300,835,train
14301,886,train
14302,886,train
14303,886,train
14304,886,train
14305,677,train
14306,886,train
14307,886,train
14308,1083,train
14309,677,train
14310,1111,train
14311,862,train
14312,886,train
14313,862,train
14314,1083,train
14316,1047,train
14317,862,train
14318,1083,train
14319,886,train
14320,1083,train
14321,1083,train
14322,862,train
14323,829,train
14324,1111,train
14325,886,train
14326,1083,train
14327,1083,train
14328,862,train
14329,1083,train
14330,835,train
14331,829,train
14332,817,train
14335,829,train
14336,829,train
14337,817,train
14338,829,train
14339,829,train
14340,817,train
14341,838,train
14342,829,train
14343,1094,train
14344,1086,train
14345,829,train
14346,829,train
14347,829,train
14348,1086,train
14350,829,train
14351,829,train
14353,829,train
14354,829,train
14356,1059,train
14360,1086,train
14361,935,train
14362,838,train
14363,829,train
14364,1086,train
14365,838,train
14366,1059,train
14368,1086,train
14369,829,train
14370,828,train
14371,829,train
14372,817,train
14373,1078,train
14374,1059,train
14375,581,train
14377,713,train
14378,1078,train
14379,1078,train
14380,1078,train
14381,1078,train
14382,1078,train
14383,1094,train
14384,1078,train
14385,1094,train
14386,1078,train
14387,862,train
14388,1060,train
14389,1094,train
14391,713,train
14392,1078,train
14393,862,train
14394,1078,train
14395,1078,train
14396,862,train
14397,713,train
14398,1078,train
14400,1078,train
14401,835,train
14402,835,train
14403,1078,train
14404,862,train
14405,862,train
14406,1060,train
14407,1078,train
14408,862,train
14409,1078,train
14410,1078,train
14412,1078,train
14413,1078,train
14414,1078,train
14415,1078,train
14416,862,train
14417,1078,train
14418,1078,train
14419,1078,train
14420,1078,train
14421,1078,train
14424,1078,train
14425,862,train
14426,862,train
14427,1060,train
14429,1094,train
14430,862,train
14431,1078,train
14432,713,train
14433,862,train
14434,1078,train
14435,1060,train
14437,1078,train
14438,1060,train
14440,1078,train
14441,1078,train
14443,1078,train
14444,1060,train
14446,1028,train
14448,1028,train
14451,863,train
14452,863,train
14453,974,train
14455,863,train
14456,859,train
14457,1008,train
14459,1028,train
14460,863,train
14461,1028,train
14462,974,train
14463,835,train
14464,863,train
14465,974,train
14467,1028,train
14468,1086,train
14470,974,train
14473,480,train
14475,1008,train
14476,1008,train
14477,864,train
14478,909,train
14479,109,train
14480,109,train
14482,1008,train
14483,876,train
14484,1086,train
14485,1008,train
14486,109,train
14488,909,train
14490,1083,train
14493,864,train
14494,864,train
14495,909,train
14500,864,train
14501,909,train
14504,909,train
14506,1086,train
14507,109,train
14508,480,train
14509,864,train
14513,1008,train
14514,480,train
14517,40,train
14519,866,train
14520,1086,train
14521,40,train
14522,1086,train
14523,866,train
14524,866,train
14525,1094,train
14527,876,train
14529,1028,train
14531,866,train
14532,876,train
14533,866,train
14534,40,train
14535,1086,train
14536,1094,train
14537,866,train
14540,876,train
14541,876,train
14542,866,train
14543,862,train
14545,904,train
14546,822,train
14547,822,train
14549,862,train
14550,862,train
14552,758,train
14554,862,train
14555,904,train
14557,822,train
14561,904,train
14564,822,train
14565,822,train
14567,862,train
14576,862,train
14581,862,train
14584,862,train
14587,862,train
14590,975,train
14599,1084,train
14600,882,train
14602,1084,train
14603,882,train
14607,1098,train
14608,1086,train
14610,882,train
14611,882,train
14612,966,train
14615,1084,train
14616,966,train
14619,882,train
14621,966,train
14624,882,train
14626,882,train
14629,1084,train
14631,82,train
14632,82,train
14636,1084,train
14639,882,train
14642,966,train
14645,1084,train
14647,1084,train
14651,833,train
14653,1084,train
14655,1084,train
14657,1084,train
14662,863,train
14663,863,train
14664,1070,train
14666,1028,train
14667,863,train
14669,863,train
14672,828,train
14675,863,train
14680,863,train
14682,828,train
14683,1070,train
14685,1070,train
14690,828,train
14691,863,train
14692,863,train
14693,863,train
14697,898,train
14699,1070,train
14701,863,train
14705,863,train
14707,863,train
14709,828,train
14717,1044,train
14727,1075,train
14743,1078,train
14761,1075,train
14763,1078,train
14765,194,train
14766,1094,train
14769,194,train
14770,194,train
14771,194,train
14773,194,train
14775,194,train
14776,873,train
14777,1055,train
14779,873,train
14780,194,train
14781,194,train
14783,1094,train
14784,1053,train
14790,194,train
14791,896,train
14793,1094,train
14794,1094,train
14795,194,train
14796,1094,train
14798,1094,train
14800,1055,train
14802,1094,train
14803,194,train
14805,194,train
14806,194,train
14807,873,train
14808,1094,train
14809,194,train
14813,194,train
14814,1094,train
14815,1094,train
14817,194,train
14818,1094,train
14819,862,train
14820,862,train
14822,994,train
14823,1103,train
14824,1103,train
14825,1103,train
14826,1110,train
14828,994,train
14829,1110,train
14832,917,train
14836,1110,train
14837,1103,train
14838,1103,train
14839,994,train
14842,1110,train
14844,1110,train
14848,1110,train
14850,1066,train
14851,1103,train
14852,862,train
14854,833,train
14856,833,train
14859,833,train
14860,382,train
14861,382,train
14862,833,train
14863,844,train
14864,833,train
14865,833,train
14866,873,train
14868,833,train
14869,833,train
14870,382,train
14871,833,train
14872,833,train
14873,382,train
14875,833,train
14876,833,train
14877,833,train
14878,382,train
14879,833,train
14880,445,train
14881,382,train
14882,844,train
14883,833,train
14886,833,train
14887,833,train
14888,382,train
14889,833,train
14890,833,train
14893,382,train
14894,833,train
14895,833,train
14896,833,train
14897,382,train
14898,382,train
14899,833,train
14901,833,train
14902,833,train
14904,833,train
14905,382,train
14906,833,train
14908,833,train
14909,833,train
14910,382,train
14911,1117,train
14912,1098,train
14913,1098,train
14914,1098,train
14915,828,train
14916,1094,train
14917,1117,train
14921,828,train
14923,828,train
14924,1117,train
14926,828,train
14927,1094,train
14928,1098,train
14929,1084,train
14930,828,train
14932,1117,train
14934,1098,train
14935,935,train
14936,1094,train
14937,828,train
14940,1117,train
14942,828,train
14943,1117,train
14944,1117,train
14946,1094,train
14947,1094,train
14949,1117,train
14951,828,train
14956,828,train
14957,1098,train
14958,1098,train
14961,828,train
14962,864,train
14963,862,train
14966,933,train
14969,1127,train
14970,933,train
14971,864,train
14973,933,train
14974,862,train
14975,862,train
14976,864,train
14980,933,train
14981,644,train
14986,862,train
14987,865,train
14991,865,train
14994,862,train
14995,644,train
14998,644,train
15001,933,train
15002,862,train
15004,859,train
15006,1086,train
15007,438,train
15009,1086,train
15010,1086,train
15013,1163,train
15018,857,train
15019,1086,train
15020,921,train
15023,859,train
15024,386,train
15027,1086,train
15029,1086,train
15030,857,train
15031,1087,train
15033,1082,train
15036,864,train
15037,1087,train
15038,864,train
15040,1082,train
15041,921,train
15044,1086,train
15050,1111,train
15052,1086,train
15053,864,train
15054,872,train
15055,897,train
15056,187,train
15058,886,train
15060,872,train
15061,872,train
15062,1136,train
15063,862,train
15064,1028,train
15065,1028,train
15066,872,train
15067,886,train
15069,996,train
15070,862,train
15071,1028,train
15072,750,train
15074,872,train
15078,872,train
15080,886,train
15081,872,train
15083,872,train
15084,886,train
15085,996,train
15088,187,train
15089,187,train
15090,872,train
15091,872,train
15092,886,train
15094,1049,train
15095,862,train
15097,872,train
15098,828,train
15099,828,train
15103,394,train
15104,394,train
15106,394,train
15107,828,train
15108,828,train
15110,828,train
15111,828,train
15112,996,train
15114,828,train
15115,828,train
15116,828,train
15117,1008,train
15119,394,train
15121,828,train
15123,394,train
15124,828,train
15126,862,train
15129,991,train
15131,862,train
15133,862,train
15141,844,train
15142,862,train
15144,862,train
15145,862,train
15146,844,train
15151,862,train
15152,862,train
15160,862,train
15161,844,train
15166,862,train
15171,975,train
15189,988,train
15191,996,train
15202,996,train
15203,862,train
15204,862,train
15205,862,train
15209,862,train
15211,362,train
15215,862,train
15217,362,train
15222,862,train
15227,862,train
15229,1086,train
15235,996,train
15238,862,train
15245,862,train
15249,862,train
15251,862,train
15254,1060,train
15255,862,train
15256,835,train
15257,862,train
15258,1078,train
15259,1082,train
15260,862,train
15261,1083,train
15262,1083,train
15263,1078,train
15264,1083,train
15265,864,train
15266,1082,train
15267,1083,train
15268,835,train
15269,864,train
15270,1083,train
15271,1082,train
15272,864,train
15273,1082,train
15274,835,train
15275,862,train
15276,1083,train
15278,1083,train
15279,1083,train
15280,1078,train
15281,897,train
15284,1078,train
15286,865,train
15288,1078,train
15289,1110,train
15291,1078,train
15293,1049,train
15294,1059,train
15295,1078,train
15296,1059,train
15297,1078,train
15298,1049,train
15299,1078,train
15300,1059,train
15301,1078,train
15302,1078,train
15303,1059,train
15308,897,train
15311,897,train
15313,1078,train
15315,897,train
15316,1078,train
15317,1078,train
15324,1059,train
15326,897,train
15327,897,train
15328,1059,train
15330,1059,train
15331,1059,train
15332,865,train
15333,998,train
15334,1078,train
15337,1078,train
15338,1078,train
15340,897,train
15342,1059,train
15343,1059,train
15345,1078,train
15347,1078,train
15349,1086,train
15350,577,train
15351,249,train
15352,1086,train
15353,577,train
15355,833,train
15357,577,train
15358,249,train
15361,249,train
15363,1083,train
15365,249,train
15366,932,train
15367,1083,train
15368,1086,train
15370,1083,train
15371,1083,train
15373,249,train
15375,829,train
15376,249,train
15378,577,train
15380,1083,train
15381,577,train
15382,829,train
15388,876,train
15389,833,train
15391,876,train
15392,1084,train
15393,876,train
15394,876,train
15395,1084,train
15396,876,train
15397,866,train
15405,854,train
15407,854,train
15413,1075,train
15415,854,train
15418,578,train
15419,1055,train
15420,854,train
15422,854,train
15424,1055,train
15426,1016,train
15428,1030,train
15437,1083,train
15439,11,train
15440,1077,train
15444,1087,train
15445,1083,train
15448,974,train
15449,974,train
15451,1052,train
15452,975,train
15455,974,train
15457,975,train
15458,975,train
15459,974,train
15461,1028,train
15462,975,train
15464,1028,train
15465,1028,train
15466,974,train
15467,974,train
15469,1052,train
15470,974,train
15471,1052,train
15472,1028,train
15473,975,train
15474,974,train
15478,829,train
15480,1082,train
15482,1070,train
15485,829,train
15488,829,train
15489,829,train
15494,1056,train
15495,829,train
15496,862,train
15497,865,train
15498,829,train
15501,829,train
15509,862,train
15516,829,train
15520,862,train
15522,1070,train
15526,862,train
15527,865,train
15529,862,train
15530,829,train
15531,1194,train
15534,941,train
15535,829,train
15537,829,train
15539,941,train
15540,1056,train
15541,862,train
15547,829,train
15550,926,train
15554,941,train
15555,829,train
15557,941,train
15558,1044,train
15560,862,train
15561,941,train
15562,1056,train
15564,941,train
15565,941,train
15566,941,train
15567,1044,train
15569,1044,train
15570,100,train
15572,941,train
15573,941,train
15574,1056,train
15575,1056,train
15576,829,train
15579,829,train
15580,941,train
15584,941,train
15585,941,train
15586,862,train
15587,941,train
15588,941,train
15590,829,train
15595,862,train
15599,1077,train
15602,1077,train
15606,1077,train
15610,1077,train
15620,1077,train
15623,1077,train
15626,1063,train
15630,981,train
15631,513,train
15633,981,train
15634,965,train
15636,1063,train
15639,1063,train
15640,1059,train
15641,828,train
15642,981,train
15644,909,train
15645,981,train
15654,981,train
15655,513,train
15656,981,train
15657,909,train
15658,909,train
15659,1078,train
15662,1078,train
15663,1078,train
15665,862,train
15666,862,train
15667,907,train
15669,865,train
15670,865,train
15671,862,train
15672,945,train
15674,1078,train
15675,865,train
15676,1078,train
15679,945,train
15681,907,train
15682,1078,train
15683,865,train
15684,907,train
15685,865,train
15686,945,train
15687,907,train
15688,921,train
15689,907,train
15690,945,train
15691,865,train
15693,945,train
15694,865,train
15697,907,train
15698,862,train
15699,865,train
15701,865,train
15702,865,train
15703,1078,train
15704,907,train
15705,865,train
15707,1078,train
15708,907,train
15710,907,train
15711,907,train
15712,1078,train
15714,865,train
15715,865,train
15717,1078,train
15718,1078,train
15721,865,train
15722,945,train
15724,907,train
15725,945,train
15726,1078,train
15727,907,train
15728,865,train
15730,862,train
15733,862,train
15734,865,train
15735,907,train
15736,907,train
15737,865,train
15738,865,train
15739,862,train
15740,907,train
15741,862,train
15742,945,train
15743,865,train
15744,907,train
15745,945,train
15746,907,train
15747,907,train
15748,921,train
15749,865,train
15750,907,train
15751,1078,train
15752,907,train
15753,865,train
15754,1078,train
15755,907,train
15758,862,train
15759,1078,train
15760,865,train
15762,865,train
15763,862,train
15764,865,train
15766,907,train
15767,1078,train
15768,945,train
15769,865,train
15770,1078,train
15773,907,train
15774,865,train
15775,865,train
15776,945,train
15778,862,train
15779,865,train
15780,865,train
15781,945,train
15782,865,train
15784,865,train
15785,907,train
15786,945,train
15787,865,train
15788,865,train
15789,1084,train
15790,1078,train
15791,1094,train
15792,1084,train
15793,1092,train
15794,974,train
15795,872,train
15796,1078,train
15797,1094,train
15798,1092,train
15799,872,train
15800,1028,train
15801,1092,train
15802,1028,train
15803,986,train
15804,909,train
15805,872,train
15806,872,train
15807,909,train
15808,1084,train
15809,672,train
15810,1094,train
15811,1094,train
15812,974,train
15813,974,train
15814,974,train
15815,872,train
15817,1094,train
15818,1110,train
15819,1078,train
15820,974,train
15824,1094,train
15825,872,train
15827,1092,train
15828,974,train
15829,1094,train
15830,909,train
15831,1178,train
15832,1078,train
15833,986,train
15835,1094,train
15837,328,train
15838,1077,train
15842,1077,train
15851,1077,train
15853,1077,train
15855,707,train
15856,991,train
15858,991,train
15865,1077,train
15866,835,train
15867,996,train
15869,996,train
15870,996,train
15871,1094,train
15875,835,train
15877,996,train
15878,835,train
15879,996,train
15883,601,train
15884,1086,train
15889,1086,train
15890,1094,train
15892,825,train
15893,825,train
15894,825,train
15897,825,train
15899,899,train
15901,1094,train
15906,1047,train
15907,1047,train
15908,939,train
15909,1047,train
15910,1027,train
15911,1094,train
15912,825,train
15914,1047,train
15915,862,train
15917,233,train
15922,862,train
15926,1030,train
15927,1087,train
15931,1087,train
15935,1087,train
15946,1087,train
15949,862,train
15955,904,train
15956,862,train
15959,862,train
15960,1087,train
15961,1056,train
15962,872,train
15963,1056,train
15966,1056,train
15967,1056,train
15969,1056,train
15970,1056,train
15972,1056,train
15973,1056,train
15975,1056,train
15976,1056,train
15978,1056,train
15980,1056,train
15981,727,train
15983,1056,train
15985,1056,train
15986,1056,train
15987,872,train
15988,1056,train
15989,1056,train
15990,1056,train
15991,1056,train
15992,1056,train
15995,872,train
15996,1056,train
15997,1056,train
15998,1056,train
15999,1056,train
16000,1056,train
16003,1056,train
16004,1056,train
16005,1056,train
16007,1056,train
16008,1056,train
16009,1056,train
16010,1056,train
16011,1056,train
16012,1056,train
16013,1056,train
16014,1056,train
16016,1056,train
16017,1056,train
16018,1056,train
16020,872,train
16021,1056,train
16022,1056,train
16023,1056,train
16024,1056,train
16026,1056,train
16027,1056,train
16028,872,train
16029,1056,train
16030,1056,train
16031,1056,train
16032,872,train
16033,1056,train
16034,1056,train
16036,1056,train
16038,872,train
16041,1056,train
16042,1056,train
16043,1056,train
16045,1056,train
16046,1056,train
16047,1056,train
16049,1056,train
16051,1056,train
16053,1056,train
16055,1056,train
16056,872,train
16057,1056,train
16058,1056,train
16059,872,train
16060,1056,train
16061,1056,train
16062,1056,train
16063,1068,train
16064,1068,train
16065,1068,train
16066,1068,train
16067,1068,train
16068,390,train
16070,1068,train
16073,1068,train
16074,854,train
16076,1068,train
16077,1068,train
16078,390,train
16079,819,train
16080,1068,train
16081,870,train
16082,1068,train
16083,390,train
16084,1146,train
16085,1068,train
16086,1068,train
16087,1068,train
16089,870,train
16090,1068,train
16091,854,train
16093,946,train
16094,1068,train
16096,1055,train
16098,865,train
16100,854,train
16101,1068,train
16102,1083,train
16103,1038,train
16104,1083,train
16105,1083,train
16107,1083,train
16108,1083,train
16109,862,train
16110,1038,train
16111,1083,train
16112,862,train
16113,1083,train
16114,1038,train
16115,1083,train
16116,1083,train
16117,1083,train
16118,1083,train
16119,1038,train
16120,862,train
16121,862,train
16122,899,train
16123,1083,train
16124,1083,train
16126,1083,train
16127,1083,train
16128,1083,train
16129,1083,train
16130,899,train
16131,1083,train
16132,1038,train
16133,1038,train
16134,1083,train
16136,862,train
16137,1083,train
16138,1083,train
16139,1083,train
16141,1083,train
16143,1083,train
16144,862,train
16153,872,train
16157,870,train
16163,872,train
16169,1016,train
16179,1078,train
16186,1078,train
16188,872,train
16192,872,train
16196,1016,train
16203,870,train
16204,108,train
16205,870,train
16212,872,train
16218,864,train
16219,268,train
16220,872,train
16222,358,train
16224,268,train
16228,995,train
16229,1070,train
16230,887,train
16232,995,train
16233,1070,train
16234,1070,train
16235,1070,train
16238,568,train
16239,1070,train
16241,1070,train
16242,945,train
16243,839,train
16244,991,train
16245,873,train
16246,954,train
16247,835,train
16248,1146,train
16249,819,train
16250,584,train
16251,945,train
16254,584,train
16256,862,train
16257,1093,train
16259,835,train
16262,1181,train
16263,945,train
16264,1146,train
16265,873,train
16266,1030,train
16268,1093,train
16271,819,train
16272,1094,train
16273,839,train
16274,819,train
16275,1094,train
16277,1181,train
16278,945,train
16279,1078,train
16281,819,train
16282,1094,train
16283,819,train
16284,954,train
16285,873,train
16287,933,train
16288,857,train
16294,1078,train
16295,364,train
16296,364,train
16299,364,train
16300,364,train
16302,1065,train
16305,1110,train
16308,833,train
16309,364,train
16311,364,train
16312,364,train
16313,1065,train
16314,1078,train
16315,364,train
16318,1078,train
16319,833,train
16320,933,train
16321,933,train
16324,364,train
16332,364,train
16334,364,train
16337,1065,train
16338,364,train
16341,822,train
16344,880,train
16346,933,train
16349,1096,train
16351,199,train
16352,364,train
16354,1087,train
16355,995,train
16356,1059,train
16357,1087,train
16360,1087,train
16363,1059,train
16364,1086,train
16366,872,train
16367,1087,train
16369,1051,train
16373,956,train
16377,1051,train
16378,1059,train
16380,1075,train
16383,872,train
16385,1087,train
16386,872,train
16389,1060,train
16390,993,train
16392,1086,train
16393,1086,train
16397,1086,train
16398,829,train
16399,829,train
16400,1086,train
16402,1086,train
16403,829,train
16404,993,train
16406,1086,train
16407,1086,train
16409,993,train
16410,993,train
16411,773,train
16412,993,train
16413,1086,train
16414,1086,train
16415,1086,train
16416,829,train
16417,1086,train
16418,1086,train
16419,1086,train
16420,993,train
16421,829,train
16423,829,train
16424,1086,train
16425,1086,train
16426,993,train
16427,541,train
16429,1086,train
16430,1086,train
16433,993,train
16434,829,train
16435,993,train
16436,829,train
16437,1013,train
16439,1060,train
16441,729,train
16444,829,train
16446,1086,train
16447,1086,train
16448,993,train
16449,1086,train
16450,829,train
16453,729,train
16460,935,train
16464,828,train
16468,904,train
16470,1077,train
16472,935,train
16474,935,train
16475,1032,train
16476,1077,train
16480,331,train
16486,828,train
16489,829,train
16497,1111,train
16501,671,train
16502,1111,train
16507,331,train
16510,904,train
16511,331,train
16513,828,train
16517,1110,train
16518,825,train
16525,1110,train
16527,1120,train
16528,825,train
16534,825,train
16535,1021,train
16536,1110,train
16537,1110,train
16546,830,train
16547,840,train
16549,864,train
16550,864,train
16551,864,train
16552,1077,train
16554,840,train
16555,1065,train
16556,1077,train
16558,1077,train
16559,1065,train
16560,864,train
16561,840,train
16562,1065,train
16563,840,train
16564,830,train
16565,840,train
16566,840,train
16569,864,train
16570,1110,train
16571,1110,train
16572,1110,train
16575,1009,train
16576,1110,train
16577,1110,train
16578,553,train
16581,864,train
16582,1110,train
16583,1110,train
16584,1110,train
16585,1110,train
16586,1110,train
16587,1110,train
16588,1110,train
16589,1110,train
16591,1083,train
16592,1083,train
16593,1083,train
16595,1083,train
16596,1083,train
16597,1027,train
16598,1001,train
16599,1001,train
16600,142,train
16602,142,train
16603,1001,train
16604,1001,train
16605,1001,train
16607,1001,train
16609,1001,train
16610,1083,train
16611,1083,train
16613,1083,train
16614,1094,train
16617,142,train
16618,1028,train
16620,1083,train
16621,1094,train
16622,1001,train
16623,142,train
16624,1001,train
16625,1083,train
16626,142,train
16627,1083,train
16629,145,train
16632,145,train
16636,1133,train
16638,829,train
16641,145,train
16642,591,train
16644,829,train
16645,1008,train
16647,829,train
16648,145,train
16649,1008,train
16650,1110,train
16657,1092,train
16658,841,train
16662,62,train
16667,1092,train
16668,425,train
16670,1110,train
16678,1092,train
16682,1110,train
16685,421,train
16688,26,train
16691,1092,train
16692,1110,train
16704,872,train
16705,1096,train
16713,910,train
16714,1059,train
16717,839,train
16719,1096,train
16720,819,train
16721,1059,train
16724,854,train
16725,872,train
16726,819,train
16727,910,train
16728,819,train
16733,1075,train
16734,819,train
16738,1059,train
16743,1075,train
16745,828,train
16747,828,train
16748,828,train
16749,838,train
16751,842,train
16753,828,train
16754,838,train
16757,828,train
16759,828,train
16760,1135,train
16761,828,train
16763,993,train
16767,1083,train
16768,824,train
16769,1083,train
16771,1083,train
16772,824,train
16773,865,train
16774,1083,train
16775,898,train
16776,1083,train
16778,864,train
16779,1083,train
16780,824,train
16781,824,train
16782,824,train
16783,824,train
16784,1083,train
16785,1083,train
16786,824,train
16787,1083,train
16788,898,train
16789,824,train
16790,1083,train
16791,824,train
16792,824,train
16793,865,train
16794,824,train
16795,1083,train
16797,824,train
16799,824,train
16800,1083,train
16802,1083,train
16803,824,train
16809,1126,train
16812,975,train
16813,528,train
16817,528,train
16819,528,train
16821,872,train
16825,528,train
16832,528,train
16834,975,train
16845,917,train
16847,975,train
16859,975,train
16862,975,train
16871,528,train
16873,917,train
16881,528,train
16885,528,train
16887,975,train
16891,1126,train
16893,975,train
16900,975,train
16903,872,train
16906,1086,train
16909,1086,train
16910,1086,train
16915,1086,train
16917,1086,train
16928,1086,train
16931,993,train
16932,1086,train
16940,993,train
16945,935,train
16946,1086,train
16956,1056,train
16957,1086,train
16958,1056,train
16960,1086,train
16962,1086,train
16963,993,train
16975,1086,train
16986,1086,train
16987,1056,train
16988,993,train
16989,993,train
16992,1086,train
17001,993,train
17005,820,train
17007,820,train
17009,820,train
17012,921,train
17017,921,train
17020,820,train
17022,1086,train
17024,820,train
17026,820,train
17028,1117,train
17029,820,train
17032,1086,train
17035,1110,train
17038,820,train
17040,1110,train
17041,1117,train
17042,921,train
17046,1110,train
17047,921,train
17050,1021,train
17051,999,train
17060,1028,train
17070,1111,train
17073,1068,train
17074,1068,train
17075,1021,train
17084,1068,train
17085,1068,train
17087,1021,train
17090,1068,train
17092,1068,train
17098,1068,train
17101,829,train
17102,907,train
17104,223,train
17105,829,train
17106,829,train
17107,907,train
17108,223,train
17109,828,train
17110,817,train
17111,907,train
17112,907,train
17113,829,train
17114,907,train
17115,828,train
17116,829,train
17117,829,train
17118,907,train
17119,817,train
17120,817,train
17121,907,train
17122,829,train
17123,829,train
17124,817,train
17125,907,train
17126,829,train
17127,1205,train
17128,817,train
17129,829,train
17130,907,train
17131,1103,train
17132,835,train
17133,907,train
17135,829,train
17136,835,train
17139,1205,train
17140,817,train
17142,907,train
17143,907,train
17144,907,train
17145,907,train
17146,829,train
17147,907,train
17148,829,train
17150,829,train
17151,1094,train
17152,1094,train
17153,1094,train
17154,1094,train
17155,1094,train
17156,1094,train
17157,1094,train
17158,1094,train
17159,1094,train
17160,1094,train
17161,1094,train
17162,1094,train
17163,1094,train
17164,1094,train
17166,1094,train
17168,829,train
17170,864,train
17171,974,train
17172,1117,train
17174,974,train
17176,864,train
17179,864,train
17180,524,train
17182,864,train
17183,524,train
17186,974,train
17189,864,train
17190,1077,train
17191,864,train
17194,864,train
17195,864,train
17196,1028,train
17198,1117,train
17200,864,train
17201,864,train
17204,1077,train
17206,864,train
17207,1077,train
17208,1070,train
17209,974,train
17210,864,train
17212,829,train
17213,1077,train
17215,1077,train
17218,864,train
17222,1077,train
17223,1070,train
17224,864,train
17225,864,train
17227,829,train
17229,1077,train
17230,974,train
17231,1117,train
17232,864,train
17233,864,train
17234,864,train
17237,1070,train
17238,959,train
17247,864,train
17248,829,train
17249,864,train
17250,1028,train
17251,864,train
17257,864,train
17261,1059,train
17262,825,train
17263,653,train
17265,623,train
17266,825,train
17268,861,train
17269,623,train
17270,825,train
17271,861,train
17272,866,train
17273,1059,train
17274,825,train
17275,872,train
17277,861,train
17278,1059,train
17280,872,train
17281,861,train
17282,623,train
17283,623,train
17285,1059,train
17287,825,train
17288,825,train
17290,825,train
17292,861,train
17297,825,train
17299,825,train
17303,825,train
17304,1059,train
17306,825,train
17307,861,train
17308,1047,train
17309,1059,train
17311,950,train
17312,1059,train
17313,1047,train
17316,1059,train
17318,862,train
17319,293,train
17320,862,train
17321,1059,train
17322,1059,train
17323,293,train
17324,1047,train
17325,1047,train
17326,862,train
17327,862,train
17330,1059,train
17332,862,train
17334,1047,train
17336,1047,train
17337,1059,train
17338,862,train
17339,1059,train
17340,1059,train
17342,1059,train
17343,1059,train
17344,1059,train
17345,1047,train
17347,862,train
17348,1059,train
17349,1059,train
17350,1059,train
17351,1060,train
17352,862,train
17355,862,train
17357,293,train
17358,1047,train
17359,1059,train
17360,1059,train
17361,1059,train
17362,820,train
17366,869,train
17368,1068,train
17370,1049,train
17371,869,train
17372,1068,train
17373,1068,train
17377,696,train
17378,863,train
17379,869,train
17380,863,train
17381,1068,train
17387,869,train
17388,1068,train
17389,1068,train
17390,1068,train
17392,820,train
17394,869,train
17395,1068,train
17396,863,train
17397,1068,train
17398,869,train
17399,820,train
17405,820,train
17408,1049,train
17409,869,train
17410,1068,train
17411,863,train
17412,863,train
17414,869,train
17415,1068,train
17416,869,train
17418,820,train
17421,820,train
17422,696,train
17424,820,train
17425,1068,train
17427,820,train
17428,869,train
17429,1068,train
17432,869,train
17435,869,train
17438,1075,train
17439,820,train
17442,863,train
17443,938,train
17444,869,train
17445,869,train
17446,820,train
17449,1030,train
17450,941,train
17452,1030,train
17453,941,train
17454,862,train
17455,833,train
17457,941,train
17458,276,train
17459,1119,train
17462,862,train
17465,862,train
17466,1077,train
17471,941,train
17472,941,train
17474,1083,train
17475,1113,train
17477,1008,train
17481,1086,train
17482,1075,train
17487,974,train
17488,974,train
17489,1086,train
17490,1083,train
17492,974,train
17494,903,train
17495,903,train
17496,1083,train
17497,829,train
17500,1008,train
17505,450,train
17506,903,train
17508,1008,train
17509,1086,train
17511,1008,train
17513,1083,train
17514,1075,train
17515,974,train
17516,974,train
17519,1083,train
17521,450,train
17522,1083,train
17523,974,train
17526,903,train
17529,1083,train
17533,1086,train
17534,1086,train
17536,1008,train
17537,1119,train
17541,1086,train
17545,903,train
17546,974,train
17547,1110,train
17548,1103,train
17550,1110,train
17552,824,train
17553,1027,train
17555,986,train
17557,1110,train
17558,1030,train
17559,1110,train
17560,1110,train
17562,1110,train
17564,1110,train
17565,1103,train
17566,824,train
17567,1110,train
17568,1110,train
17569,1030,train
17570,1030,train
17571,1110,train
17572,1103,train
17573,1030,train
17574,1110,train
17576,1110,train
17579,824,train
17580,1110,train
17582,824,train
17583,1110,train
17584,1110,train
17585,1110,train
17586,1110,train
17588,1110,train
17589,824,train
17590,1110,train
17591,1110,train
17594,1110,train
17595,1110,train
17596,1110,train
17597,824,train
17598,1086,train
17599,889,train
17600,1047,train
17601,854,train
17602,1047,train
17605,1047,train
17607,966,train
17609,1047,train
17611,966,train
17613,966,train
17614,1021,train
17615,862,train
17616,862,train
17617,840,train
17618,862,train
17619,862,train
17620,862,train
17621,862,train
17623,862,train
17624,862,train
17625,862,train
17626,840,train
17628,918,train
17629,918,train
17632,1131,train
17634,862,train
17635,918,train
17636,840,train
17637,862,train
17638,862,train
17639,1179,train
17640,840,train
17641,840,train
17642,918,train
17643,862,train
17644,932,train
17645,918,train
17646,714,train
17647,1146,train
17648,862,train
17649,918,train
17651,862,train
17652,1131,train
17653,862,train
17654,918,train
17655,918,train
17656,862,train
17657,840,train
17658,58,train
17659,862,train
17660,840,train
17661,862,train
17662,978,train
17663,862,train
17664,840,train
17665,841,train
17668,840,train
17670,862,train
17672,862,train
17673,840,train
17674,862,train
17675,918,train
17676,862,train
17677,918,train
17678,918,train
17680,1114,train
17681,240,train
17683,1092,train
17685,1092,train
17687,1114,train
17689,240,train
17692,1092,train
17695,1092,train
17701,240,train
17702,240,train
17704,1092,train
17705,1092,train
17706,240,train
17707,1094,train
17708,1092,train
17709,1094,train
17710,240,train
17711,1092,train
17712,240,train
17713,1009,train
17714,872,train
17715,1077,train
17716,1077,train
17717,1077,train
17719,1077,train
17720,1110,train
17721,1077,train
17722,1077,train
17723,1110,train
17724,819,train
17725,1077,train
17726,1060,train
17727,1077,train
17728,1077,train
17729,1060,train
17730,819,train
17731,1060,train
17732,1060,train
17733,1060,train
17734,839,train
17735,872,train
17736,1077,train
17737,872,train
17738,872,train
17739,1077,train
17740,872,train
17741,1110,train
17742,1060,train
17743,1110,train
17744,1110,train
17745,1110,train
17746,1110,train
17747,872,train
17748,1077,train
17749,1110,train
17750,872,train
17751,1110,train
17753,1077,train
17754,1110,train
17755,819,train
17756,1060,train
17757,1060,train
17758,679,train
17759,1077,train
17760,872,train
17761,1009,train
17762,819,train
17763,1110,train
17764,1009,train
17765,1110,train
17766,1060,train
17767,971,train
17768,1060,train
17769,819,train
17770,1060,train
17771,1060,train
17773,819,train
17774,1110,train
17776,819,train
17777,971,train
17778,1110,train
17779,1110,train
17780,1110,train
17781,1060,train
17782,872,train
17783,872,train
17784,861,train
17785,159,train
17786,861,train
17787,1028,train
17788,975,train
17789,819,train
17791,844,train
17793,877,train
17794,844,train
17795,862,train
17797,862,train
17798,862,train
17799,844,train
17800,861,train
17801,861,train
17802,862,train
17804,862,train
17807,975,train
17808,861,train
17809,861,train
17810,1003,train
17813,877,train
17814,861,train
17815,862,train
17817,861,train
17819,861,train
17821,862,train
17825,907,train
17828,861,train
17829,862,train
17831,830,train
17832,975,train
17835,862,train
17836,861,train
17837,877,train
17838,861,train
17839,844,train
17841,862,train
17842,830,train
17844,877,train
17845,862,train
17846,877,train
17849,861,train
17850,844,train
17853,877,train
17854,862,train
17855,861,train
17858,877,train
17860,1110,train
17864,861,train
17868,862,train
17869,830,train
17870,862,train
17871,1003,train
17872,938,train
17873,861,train
17874,861,train
17875,861,train
17876,861,train
17878,419,train
17879,1016,train
17880,419,train
17881,861,train
17883,861,train
17884,861,train
17885,861,train
17886,938,train
17889,861,train
17890,861,train
17891,861,train
17892,286,train
17894,861,train
17895,861,train
17896,933,train
17897,861,train
17898,419,train
17899,861,train
17900,861,train
17901,933,train
17902,861,train
17904,861,train
17906,861,train
17908,1103,train
17909,861,train
17911,938,train
17912,419,train
17913,938,train
17914,933,train
17915,861,train
17916,933,train
17917,933,train
17925,339,train
17927,909,train
17930,909,train
17932,1110,train
17933,1110,train
17937,909,train
17940,1082,train
17941,909,train
17942,1110,train
17943,909,train
17944,1110,train
17945,1030,train
17946,909,train
17949,1110,train
17954,1110,train
17957,1110,train
17958,1110,train
17959,1110,train
17961,909,train
17963,1110,train
17964,909,train
17965,1110,train
17966,1111,train
17971,1146,train
17975,1111,train
17976,1111,train
17978,996,train
17979,873,train
17980,504,train
17981,1056,train
17982,1094,train
17983,1056,train
17984,873,train
17985,873,train
17986,1059,train
17987,1094,train
17988,1094,train
17989,996,train
17990,1056,train
17991,996,train
17992,1059,train
17993,1048,train
17994,1056,train
17995,902,train
17997,1056,train
17999,1056,train
18000,1048,train
18001,1056,train
18002,1056,train
18003,1048,train
18004,1048,train
18005,873,train
18006,998,train
18008,1056,train
18009,1059,train
18010,996,train
18011,1094,train
18012,873,train
18015,1059,train
18016,898,train
18017,902,train
18018,1056,train
18019,1048,train
18021,902,train
18022,1094,train
18023,1094,train
18024,1056,train
18025,504,train
18026,1056,train
18027,504,train
18028,873,train
18029,1048,train
18030,504,train
18031,1094,train
18032,873,train
18034,996,train
18035,1048,train
18036,1094,train
18037,1056,train
18038,1094,train
18039,996,train
18040,1056,train
18041,504,train
18042,873,train
18043,873,train
18045,873,train
18047,873,train
18048,1048,train
18049,1056,train
18051,1008,train
18057,1008,train
18065,19,train
18066,932,train
18069,1038,train
18072,1038,train
18073,1038,train
18078,862,train
18081,862,train
18083,862,train
18085,862,train
18087,862,train
18088,862,train
18091,1038,train
18093,1038,train
18094,1038,train
18099,994,train
18101,1038,train
18103,1038,train
18108,1008,train
18109,862,train
18110,1038,train
18112,1008,train
18114,872,train
18116,1030,train
18119,1087,train
18120,617,train
18122,617,train
18124,617,train
18127,617,train
18129,391,train
18130,391,train
18131,391,train
18133,1001,train
18135,1028,train
18136,81,train
18138,391,train
18139,391,train
18140,391,train
18141,192,train
18143,1094,train
18144,1094,train
18145,996,train
18146,1094,train
18148,1094,train
18149,1094,train
18150,1094,train
18151,996,train
18152,996,train
18153,1094,train
18154,1094,train
18155,1094,train
18156,1094,train
18157,1094,train
18158,1094,train
18159,996,train
18160,996,train
18161,1030,train
18162,1094,train
18163,1094,train
18165,1094,train
18168,1094,train
18171,1094,train
18173,921,train
18174,1094,train
18175,1094,train
18176,996,train
18177,996,train
18178,835,train
18185,1087,train
18187,1087,train
18189,1106,train
18191,835,train
18192,954,train
18195,1096,train
18196,1096,train
18198,1096,train
18199,1096,train
18200,1096,train
18201,290,train
18202,1009,train
18203,1009,train
18204,290,train
18206,1096,train
18210,1009,train
18211,1059,train
18214,290,train
18217,290,train
18218,290,train
18219,290,train
18220,290,train
18221,290,train
18222,825,train
18223,825,train
18225,1096,train
18226,1096,train
18227,1096,train
18228,1009,train
18229,1009,train
18230,290,train
18235,1007,train
18236,872,train
18238,1094,train
18239,862,train
18241,1094,train
18242,872,train
18246,862,train
18249,1094,train
18250,1094,train
18251,862,train
18259,1106,train
18262,595,train
18263,854,train
18266,854,train
18267,1094,train
18268,835,train
18270,854,train
18273,854,train
18276,835,train
18277,854,train
18278,854,train
18280,854,train
18282,1106,train
18284,1106,train
18287,854,train
18288,835,train
18289,854,train
18291,1053,train
18293,1094,train
18294,835,train
18295,595,train
18296,1053,train
18297,1090,train
18299,854,train
18300,835,train
18301,1106,train
18303,854,train
18304,595,train
18307,1053,train
18309,854,train
18312,835,train
18314,1150,train
18316,828,train
18317,1077,train
18318,1150,train
18319,1150,train
18320,830,train
18321,1077,train
18322,1150,train
18323,1150,train
18324,1077,train
18325,819,train
18326,1077,train
18327,1132,train
18328,1077,train
18329,830,train
18330,1092,train
18331,1092,train
18333,1150,train
18334,1150,train
18335,1150,train
18336,1150,train
18337,1077,train
18338,1092,train
18339,1077,train
18340,1077,train
18341,1077,train
18342,1092,train
18343,1087,train
18344,1150,train
18345,830,train
18346,1092,train
18347,1077,train
18348,1150,train
18349,1150,train
18350,830,train
18351,1094,train
18352,1092,train
18353,1150,train
18355,819,train
18356,1150,train
18357,1150,train
18358,1077,train
18359,819,train
18360,1150,train
18361,1077,train
18362,1092,train
18363,1077,train
18364,1132,train
18366,1077,train
18367,1150,train
18368,1077,train
18369,1150,train
18370,1150,train
18371,1092,train
18372,1092,train
18373,1150,train
18374,1077,train
18376,1150,train
18377,1150,train
18378,1132,train
18379,1094,train
18380,933,train
18381,1077,train
18382,876,train
18386,830,train
18389,995,train
18392,996,train
18394,876,train
18395,862,train
18397,835,train
18398,876,train
18399,876,train
18400,876,train
18401,830,train
18402,876,train
18403,835,train
18405,835,train
18406,830,train
18407,830,train
18409,996,train
18410,876,train
18411,876,train
18412,876,train
18413,876,train
18415,835,train
18417,872,train
18418,876,train
18419,876,train
18420,876,train
18421,876,train
18422,876,train
18423,876,train
18424,876,train
18425,876,train
18427,876,train
18428,862,train
18429,1077,train
18430,1077,train
18432,830,train
18434,996,train
18436,876,train
18437,1016,train
18438,876,train
18439,996,train
18441,862,train
18442,876,train
18443,876,train
18446,862,train
18447,862,train
18448,876,train
18449,830,train
18450,1077,train
18451,1028,train
18456,876,train
18458,830,train
18460,876,train
18461,876,train
18462,862,train
18463,440,train
18465,440,train
18467,941,train
18468,822,train
18469,297,train
18470,440,train
18471,440,train
18476,822,train
18478,822,train
18480,941,train
18481,941,train
18485,941,train
18497,828,train
18504,825,train
18517,820,train
18518,24,train
18519,820,train
18521,1094,train
18523,24,train
18524,24,train
18526,820,train
18527,1094,train
18528,24,train
18529,1094,train
18530,820,train
18531,820,train
18532,1094,train
18533,820,train
18534,820,train
18535,24,train
18536,820,train
18537,24,train
18540,809,train
18541,820,train
18542,712,train
18543,24,train
18544,1094,train
18546,820,train
18548,1028,train
18549,1094,train
18551,1094,train
18553,1094,train
18554,820,train
18556,1094,train
18563,1094,train
18566,809,train
18568,1049,train
18570,829,train
18571,829,train
18572,604,train
18573,604,train
18574,586,train
18575,1063,train
18576,586,train
18577,604,train
18578,586,train
18579,1063,train
18581,876,train
18582,829,train
18583,958,train
18585,1049,train
18586,829,train
18587,1063,train
18588,829,train
18589,1049,train
18590,44,train
18591,526,train
18592,995,train
18595,995,train
18596,1078,train
18597,995,train
18599,1133,train
18600,309,train
18602,872,train
18603,838,train
18604,840,train
18605,975,train
18611,872,train
18613,872,train
18616,996,train
18617,840,train
18618,835,train
18619,835,train
18620,975,train
18622,1133,train
18623,872,train
18624,835,train
18626,184,train
18627,1027,train
18628,838,train
18630,975,train
18631,840,train
18632,840,train
18633,861,train
18635,835,train
18636,840,train
18638,723,train
18641,838,train
18650,872,train
18651,840,train
18655,872,train
18656,861,train
18657,835,train
18660,1133,train
18661,838,train
18662,835,train
18663,835,train
18665,835,train
18666,861,train
18667,835,train
18669,872,train
18670,840,train
18671,184,train
18673,840,train
18674,835,train
18675,1068,train
18677,1068,train
18678,1094,train
18679,1068,train
18680,1068,train
18681,1094,train
18682,1094,train
18684,1094,train
18685,838,train
18686,838,train
18687,1094,train
18688,1068,train
18689,838,train
18690,838,train
18691,965,train
18692,1094,train
18693,1068,train
18694,163,train
18695,899,train
18696,1086,train
18697,864,train
18698,864,train
18699,1077,train
18700,864,train
18701,1077,train
18702,872,train
18703,872,train
18704,1086,train
18705,1003,train
18706,163,train
18707,872,train
18708,872,train
18709,864,train
18710,161,train
18711,1059,train
18712,922,train
18713,1092,train
18714,1077,train
18715,872,train
18716,872,train
18717,829,train
18718,1030,train
18719,1068,train
18720,1077,train
18721,1077,train
18722,829,train
18723,1077,train
18724,1077,train
18726,1077,train
18727,859,train
18728,1077,train
18729,1077,train
18730,1077,train
18731,1077,train
18733,1077,train
18734,829,train
18735,975,train
18736,1077,train
18738,828,train
18740,1086,train
18741,1077,train
18742,828,train
18743,1077,train
18744,1068,train
18745,1077,train
18746,829,train
18748,829,train
18749,828,train
18750,829,train
18751,1077,train
18752,1068,train
18753,1077,train
18754,1077,train
18755,1077,train
18756,1077,train
18757,828,train
18758,829,train
18760,1077,train
18761,1077,train
18762,1077,train
18763,829,train
18764,1077,train
18765,1077,train
18766,1077,train
18767,907,train
18769,907,train
18771,1094,train
18773,1094,train
18776,1047,train
18777,907,train
18778,857,train
18779,873,train
18780,862,train
18781,857,train
18782,1083,train
18783,1094,train
18784,857,train
18785,862,train
18786,1047,train
18787,862,train
18788,1094,train
18789,907,train
18791,862,train
18792,779,train
18795,825,train
18796,857,train
18798,907,train
18799,1094,train
18800,1047,train
18801,1047,train
18802,862,train
18805,862,train
18807,1094,train
18808,1094,train
18809,1094,train
18810,1094,train
18811,1047,train
18812,862,train
18813,822,train
18815,1049,train
18816,1047,train
18817,1047,train
18818,857,train
18819,830,train
18821,830,train
18823,830,train
18824,156,train
18825,830,train
18826,830,train
18833,1028,train
18834,830,train
18837,830,train
18838,830,train
18842,830,train
18844,99,train
18847,830,train
18848,188,train
18849,830,train
18851,156,train
18852,830,train
18854,839,train
18855,839,train
18857,830,train
18860,830,train
18865,830,train
18866,830,train
18867,839,train
18868,830,train
18869,830,train
18874,140,train
18875,1086,train
18876,1086,train
18877,202,train
18879,674,train
18880,1094,train
18881,1086,train
18883,674,train
18884,1094,train
18885,1028,train
18886,1086,train
18887,1086,train
18888,674,train
18889,674,train
18890,1094,train
18891,202,train
18892,1111,train
18893,1086,train
18894,921,train
18895,1086,train
18896,829,train
18897,1086,train
18898,1086,train
18899,1086,train
18900,1086,train
18901,1028,train
18902,921,train
18903,674,train
18904,674,train
18905,23,train
18906,674,train
18908,1086,train
18909,674,train
18910,1086,train
18911,829,train
18912,1086,train
18913,829,train
18914,1086,train
18915,674,train
18916,1086,train
18917,1094,train
18918,674,train
18919,829,train
18920,674,train
18922,674,train
18923,1077,train
18924,674,train
18925,907,train
18926,674,train
18927,1094,train
18928,921,train
18929,1028,train
18930,674,train
18933,1086,train
18935,820,train
18936,1049,train
18938,1084,train
18939,863,train
18942,820,train
18944,820,train
18946,820,train
18947,820,train
18948,945,train
18949,1049,train
18950,1078,train
18951,863,train
18952,1078,train
18955,42,train
18956,820,train
18957,820,train
18958,1078,train
18959,820,train
18960,820,train
18961,820,train
18962,820,train
18963,1078,train
18964,945,train
18965,945,train
18967,995,train
18968,1084,train
18969,1084,train
18970,825,train
18971,1078,train
18972,820,train
18973,1078,train
18974,820,train
18975,810,train
18976,820,train
18977,820,train
18979,820,train
18980,1078,train
18981,1049,train
18982,820,train
18983,1049,train
18984,863,train
18986,820,train
18987,820,train
18988,42,train
18990,903,train
18991,903,train
18992,820,train
18993,903,train
18994,863,train
18995,1078,train
18996,945,train
18997,863,train
18998,820,train
18999,820,train
19000,863,train
19002,1052,train
19003,1052,train
19004,1078,train
19005,182,train
19006,1078,train
19007,1052,train
19008,1052,train
19009,975,train
19010,909,train
19011,909,train
19013,976,train
19015,1078,train
19017,975,train
19018,1052,train
19019,467,train
19020,976,train
19021,844,train
19032,980,train
19034,918,train
19038,872,train
19046,1077,train
19048,1077,train
19049,1077,train
19052,1077,train
19053,1077,train
19054,1077,train
19058,1094,train
19059,1077,train
19060,1077,train
19061,1086,train
19062,1077,train
19064,1077,train
19070,1077,train
19072,39,train
19074,39,train
19075,1086,train
19079,1139,train
19080,1077,train
19082,1077,train
19085,1094,train
19086,1094,train
19087,1121,train
19088,1121,train
19089,879,train
19092,879,train
19093,1071,train
19094,1121,train
19096,1078,train
19097,1078,train
19098,426,train
19099,453,train
19100,906,train
19102,1121,train
19103,993,train
19104,1121,train
19105,997,train
19106,1121,train
19107,1121,train
19108,1121,train
19109,1121,train
19110,1121,train
19111,997,train
19113,1121,train
19114,1121,train
19116,1096,train
19117,1121,train
19118,1078,train
19119,453,train
19120,1121,train
19121,1121,train
19123,1078,train
19124,1096,train
19125,1121,train
19126,865,train
19127,1078,train
19128,1121,train
19129,1121,train
19130,1121,train
19131,1121,train
19132,1121,train
19133,1121,train
19134,906,train
19135,1121,train
19137,1121,train
19138,1121,train
19139,879,train
19140,453,train
19141,1121,train
19142,906,train
19143,997,train
19144,1078,train
19145,1121,train
19146,997,train
19147,1121,train
19148,1078,train
19149,1121,train
19150,906,train
19152,1121,train
19153,1121,train
19154,1121,train
19156,453,train
19157,865,train
19159,1078,train
19160,1121,train
19161,1121,train
19163,1096,train
19164,1071,train
19165,1121,train
19166,1121,train
19167,1121,train
19168,997,train
19169,1121,train
19170,1121,train
19171,906,train
19173,1121,train
19174,906,train
19176,997,train
19177,1121,train
19178,1121,train
19179,1121,train
19180,993,train
19184,1078,train
19185,865,train
19187,865,train
19188,1142,train
19191,865,train
19193,1078,train
19194,1078,train
19196,1078,train
19197,1078,train
19199,1078,train
19202,1078,train
19205,1078,train
19209,828,train
19214,1078,train
19216,1078,train
19218,1078,train
19219,1078,train
19220,829,train
19221,865,train
19222,1078,train
19223,1142,train
19225,1078,train
19226,828,train
19227,1078,train
19230,865,train
19232,1078,train
19233,1078,train
19234,865,train
19235,1078,train
19236,933,train
19237,862,train
19238,829,train
19239,829,train
19240,900,train
19241,900,train
19242,862,train
19243,829,train
19244,542,train
19245,829,train
19246,829,train
19247,900,train
19248,542,train
19249,829,train
19250,829,train
19251,996,train
19252,900,train
19253,903,train
19254,900,train
19255,1083,train
19256,996,train
19258,1083,train
19259,829,train
19260,1083,train
19262,542,train
19264,862,train
19265,1083,train
19266,829,train
19267,829,train
19268,829,train
19269,829,train
19270,842,train
19272,842,train
19276,835,train
19278,842,train
19282,835,train
19288,1078,train
19289,1190,train
19290,862,train
19291,1078,train
19292,863,train
19294,1092,train
19295,863,train
19296,862,train
19297,1078,train
19298,844,train
19299,566,train
19300,1078,train
19301,1078,train
19302,1078,train
19303,1078,train
19304,1103,train
19305,1078,train
19306,1078,train
19307,872,train
19308,1190,train
19309,1092,train
19312,1190,train
19314,1078,train
19316,1092,train
19320,1030,train
19322,1008,train
19323,1008,train
19326,1008,train
19334,1008,train
19338,1094,train
19339,996,train
19340,1008,train
19341,1008,train
19343,1030,train
19349,1008,train
19355,1008,train
19362,1103,train
19363,1094,train
19365,1008,train
19366,1008,train
19371,896,train
19372,1008,train
19373,1094,train
19374,1008,train
19375,1008,train
19376,829,train
19377,829,train
19379,863,train
19381,819,train
19383,819,train
19384,933,train
19386,819,train
19388,863,train
19389,829,train
19392,863,train
19393,995,train
19396,865,train
19397,995,train
19399,995,train
19401,995,train
19402,9,train
19403,835,train
19405,1059,train
19406,873,train
19407,873,train
19409,835,train
19410,835,train
19413,873,train
19414,873,train
19415,1059,train
19416,1059,train
19417,835,train
19418,835,train
19419,873,train
19420,873,train
19421,835,train
19422,873,train
19423,873,train
19425,873,train
19426,873,train
19427,873,train
19428,873,train
19429,835,train
19430,1059,train
19431,835,train
19433,873,train
19434,835,train
19437,835,train
19438,873,train
19442,835,train
19443,835,train
19444,873,train
19445,1059,train
19446,873,train
19449,1068,train
19453,876,train
19454,1110,train
19455,862,train
19457,1110,train
19458,876,train
19459,1110,train
19462,1110,train
19463,1110,train
19464,1068,train
19465,1110,train
19468,1068,train
19469,1110,train
19471,1075,train
19473,559,train
19475,1075,train
19476,1078,train
19477,1078,train
19479,876,train
19481,876,train
19482,1110,train
19483,1078,train
19484,1110,train
19485,1110,train
19488,1110,train
19492,1110,train
19494,1078,train
19495,1078,train
19497,1110,train
19498,1110,train
19500,822,train
19505,1094,train
19507,841,train
19509,841,train
19511,841,train
19514,828,train
19515,841,train
19517,862,train
19518,941,train
19519,1094,train
19522,862,train
19523,921,train
19524,1094,train
19525,822,train
19527,941,train
19528,828,train
19529,841,train
19530,1008,train
19531,841,train
19532,1008,train
19533,1094,train
19534,1008,train
19539,941,train
19541,1059,train
19543,1078,train
19545,1059,train
19546,1078,train
19547,1157,train
19548,1078,train
19549,1059,train
19550,1078,train
19551,1078,train
19553,1078,train
19554,1078,train
19555,872,train
19556,1078,train
19557,866,train
19558,1078,train
19559,1059,train
19561,841,train
19562,1078,train
19563,1078,train
19566,1078,train
19567,1078,train
19569,1078,train
19570,590,train
19571,1078,train
19572,1078,train
19573,1078,train
19574,1078,train
19575,1078,train
19576,1078,train
19577,1059,train
19578,1078,train
19579,1078,train
19580,1078,train
19581,1078,train
19582,872,train
19584,1078,train
19585,1059,train
19586,1078,train
19587,1078,train
19588,1078,train
19589,849,train
19590,1075,train
19591,879,train
19592,879,train
19593,993,train
19594,1094,train
19595,993,train
19596,879,train
19598,993,train
19599,993,train
19601,993,train
19606,879,train
19608,993,train
19610,879,train
19614,903,train
19615,993,train
19616,993,train
19618,879,train
19622,993,train
19623,903,train
19624,879,train
19625,993,train
19626,879,train
19627,1094,train
19628,1094,train
19629,1111,train
19632,879,train
19633,993,train
19634,879,train
19635,1111,train
19636,1094,train
19638,903,train
19639,879,train
19644,877,train
19645,999,train
19647,1094,train
19648,237,train
19649,877,train
19650,1083,train
19651,1038,train
19652,825,train
19653,237,train
19655,862,train
19656,1083,train
19657,877,train
19658,999,train
19659,1009,train
19660,999,train
19661,1083,train
19662,1038,train
19663,862,train
19664,1008,train
19666,999,train
19667,825,train
19668,862,train
19669,1008,train
19670,877,train
19671,862,train
19673,862,train
19674,1083,train
19675,1083,train
19677,825,train
19678,1008,train
19679,1083,train
19680,877,train
19681,840,train
19682,999,train
19684,1009,train
19686,1008,train
19687,999,train
19688,999,train
19689,1008,train
19690,277,train
19691,862,train
19693,1009,train
19694,1008,train
19695,877,train
19696,1009,train
19697,862,train
19698,840,train
19700,1009,train
19701,862,train
19702,862,train
19703,1009,train
19704,1008,train
19705,999,train
19706,840,train
19707,1009,train
19709,862,train
19711,877,train
19712,237,train
19713,877,train
19714,825,train
19715,1008,train
19716,999,train
19717,1038,train
19718,1038,train
19719,862,train
19720,470,train
19722,1038,train
19723,1008,train
19725,840,train
19726,877,train
19727,1083,train
19728,1094,train
19729,842,train
19731,830,train
19732,842,train
19733,830,train
19734,533,train
19735,490,train
19736,1094,train
19738,533,train
19739,877,train
19740,877,train
19741,1094,train
19742,830,train
19743,830,train
19744,1094,train
19745,1094,train
19746,490,train
19747,1094,train
19748,1094,train
19750,1028,train
19751,829,train
19752,307,train
19753,988,train
19754,1096,train
19755,965,train
19756,965,train
19758,1096,train
19760,46,train
19762,307,train
19763,988,train
19764,829,train
19765,965,train
19766,965,train
19767,1062,train
19768,988,train
19770,965,train
19772,1096,train
19773,46,train
19774,829,train
19775,988,train
19776,1096,train
19777,965,train
19778,1096,train
19779,1096,train
19780,1096,train
19782,825,train
19783,1096,train
19784,965,train
19785,965,train
19786,988,train
19788,1096,train
19790,307,train
19792,1096,train
19793,1096,train
19795,46,train
19796,829,train
19797,1096,train
19799,1096,train
19800,965,train
19801,1096,train
19803,1096,train
19804,965,train
19806,1096,train
19807,1028,train
19808,965,train
19809,965,train
19810,1096,train
19812,864,train
19814,864,train
19817,822,train
19822,864,train
19825,1083,train
19826,1075,train
19829,1039,train
19830,829,train
19832,822,train
19833,1083,train
19843,742,train
19845,829,train
19849,742,train
19850,1039,train
19855,1039,train
19865,829,train
19867,864,train
19868,864,train
19870,829,train
19871,1083,train
19874,1039,train
19875,833,train
19876,872,train
19878,857,train
19881,857,train
19882,862,train
19884,985,train
19887,862,train
19888,1086,train
19889,872,train
19890,872,train
19891,862,train
19892,1054,train
19894,241,train
19895,1082,train
19896,872,train
19897,862,train
19898,872,train
19899,872,train
19901,872,train
19902,862,train
19903,1082,train
19904,872,train
19905,862,train
19906,862,train
19907,985,train
19908,241,train
19909,862,train
19910,857,train
19911,1102,train
19912,872,train
19914,1082,train
19915,1086,train
19916,862,train
19918,872,train
19919,872,train
19920,872,train
19921,862,train
19922,862,train
19923,1086,train
19925,1086,train
19926,828,train
19929,857,train
19930,899,train
19931,165,train
19932,873,train
19934,854,train
19935,873,train
19936,873,train
19937,854,train
19938,833,train
19940,854,train
19942,899,train
19943,899,train
19944,536,train
19946,830,train
19947,165,train
19953,873,train
19955,899,train
19956,873,train
19959,873,train
19962,873,train
19963,899,train
19966,830,train
19968,873,train
19969,873,train
19970,830,train
19973,873,train
19974,1030,train
19976,999,train
19977,999,train
19978,536,train
19979,1186,train
19980,830,train
19981,873,train
19982,873,train
19983,854,train
19986,899,train
19987,873,train
19988,899,train
19990,1030,train
19991,1030,train
19995,830,train
19997,899,train
19999,830,train
20000,999,train
20001,873,train
20004,275,train
20005,828,train
20007,828,train
20010,1180,train
20014,1046,train
20016,828,train
20018,95,train
20019,1075,train
20022,865,train
20024,1009,train
20026,1009,train
20027,1180,train
20029,1122,train
20032,1075,train
20041,1122,train
20042,1075,train
20043,872,train
20052,1075,train
20054,872,train
20056,1122,train
20066,49,train
20067,833,train
20072,1094,train
20075,778,train
20076,1094,train
20077,824,train
20078,833,train
20080,824,train
20081,1094,train
20083,866,train
20086,1094,train
20087,824,train
20088,772,train
20089,1068,train
20090,866,train
20092,1094,train
20096,1094,train
20103,883,train
20104,508,train
20105,520,train
20106,883,train
20108,883,train
20109,520,train
20110,883,train
20111,520,train
20112,1008,train
20115,883,train
20117,520,train
20118,520,train
20119,520,train
20120,1059,train
20121,1094,train
20122,883,train
20123,824,train
20124,824,train
20125,520,train
20126,520,train
20127,883,train
20128,1059,train
20129,508,train
20130,520,train
20131,520,train
20132,520,train
20133,1059,train
20135,520,train
20139,520,train
20140,883,train
20142,520,train
20143,883,train
20144,883,train
20146,520,train
20147,883,train
20149,520,train
20150,1008,train
20152,520,train
20153,1008,train
20154,883,train
20155,520,train
20156,1094,train
20157,520,train
20158,520,train
20159,883,train
20161,883,train
20162,520,train
20163,862,train
20164,883,train
20165,520,train
20167,1008,train
20168,520,train
20169,520,train
20170,16,train
20171,883,train
20172,520,train
20173,883,train
20174,520,train
20175,520,train
20176,1008,train
20177,520,train
20178,520,train
20179,883,train
20180,883,train
20182,883,train
20183,883,train
20184,999,train
20187,873,train
20189,898,train
20191,1126,train
20192,872,train
20193,1078,train
20198,1078,train
20199,706,train
20200,1078,train
20201,1126,train
20202,873,train
20203,1078,train
20206,1111,train
20207,873,train
20208,355,train
20213,873,train
20215,1126,train
20217,1078,train
20218,706,train
20219,872,train
20220,706,train
20221,862,train
20222,1078,train
20223,1078,train
20224,873,train
20225,706,train
20226,1078,train
20230,700,train
20233,872,train
20234,1070,train
20237,985,train
20238,614,train
20239,873,train
20241,985,train
20242,897,train
20246,985,train
20249,985,train
20250,1051,train
20252,1082,train
20254,824,train
20255,985,train
20260,614,train
20262,985,train
20264,1051,train
20265,985,train
20267,985,train
20269,614,train
20271,985,train
20272,1051,train
20274,1051,train
20276,1082,train
20277,242,train
20278,242,train
20283,1082,train
20284,242,train
20285,828,train
20286,828,train
20294,242,train
20295,828,train
20297,828,train
20302,242,train
20310,945,train
20311,909,train
20313,1078,train
20314,1078,train
20315,1078,train
20316,872,train
20317,1078,train
20318,872,train
20319,1078,train
20320,857,train
20321,872,train
20322,857,train
20323,1078,train
20326,857,train
20328,1078,train
20329,872,train
20331,1049,train
20332,872,train
20334,1049,train
20335,1078,train
20336,1078,train
20337,1078,train
20340,1078,train
20341,1078,train
20342,872,train
20343,857,train
20344,872,train
20345,872,train
20346,872,train
20348,1078,train
20349,1078,train
20351,857,train
20352,1078,train
20353,872,train
20354,872,train
20356,1078,train
20357,872,train
20359,1078,train
20360,1078,train
20362,1078,train
20363,909,train
20364,1078,train
20368,862,train
20369,1059,train
20370,1059,train
20371,975,train
20372,1059,train
20374,1059,train
20375,1059,train
20377,862,train
20378,862,train
20380,975,train
20381,1059,train
20382,862,train
20387,975,train
20388,862,train
20391,975,train
20392,862,train
20393,862,train
20395,862,train
20396,1059,train
20397,1059,train
20399,830,train
20403,1065,train
20407,862,train
20408,1065,train
20409,862,train
20410,830,train
20412,830,train
20414,946,train
20415,830,train
20416,1082,train
20417,830,train
20421,859,train
20422,461,train
20427,830,train
20428,1065,train
20432,830,train
20434,1065,train
20436,830,train
20438,1065,train
20439,461,train
20441,946,train
20444,1094,train
20446,829,train
20447,829,train
20448,1059,train
20449,1091,train
20451,829,train
20452,829,train
20454,1091,train
20455,829,train
20456,1094,train
20457,1094,train
20458,1094,train
20459,1094,train
20460,1091,train
20462,945,train
20466,945,train
20467,829,train
20468,1059,train
20469,1094,train
20473,945,train
20474,945,train
20475,1059,train
20476,1059,train
20477,870,train
20478,1078,train
20480,941,train
20484,870,train
20485,877,train
20488,872,train
20490,877,train
20493,872,train
20494,877,train
20495,877,train
20498,870,train
20499,877,train
20502,870,train
20503,870,train
20506,870,train
20508,872,train
20511,872,train
20512,870,train
20513,870,train
20515,870,train
20517,877,train
20519,941,train
20522,877,train
20523,877,train
20524,870,train
20529,870,train
20530,954,train
20534,877,train
20536,872,train
20537,877,train
20538,877,train
20539,1059,train
20540,1055,train
20541,1146,train
20542,1053,train
20545,489,train
20546,1053,train
20547,1053,train
20549,945,train
20554,1017,train
20556,489,train
20559,1059,train
20561,198,train
20562,1087,train
20563,1055,train
20566,1008,train
20570,1059,train
20571,198,train
20572,1053,train
20574,1053,train
20576,1053,train
20577,1059,train
20578,1059,train
20579,1059,train
20580,924,train
20581,1059,train
20582,1055,train
20583,1059,train
20584,1059,train
20585,67,train
20586,814,train
20587,835,train
20590,1059,train
20594,1059,train
20595,1059,train
20596,1059,train
20597,1030,train
20599,228,train
20600,666,train
20604,1086,train
20605,1066,train
20607,416,train
20608,1066,train
20609,938,train
20610,228,train
20611,228,train
20612,1030,train
20613,666,train
20614,228,train
20615,921,train
20617,1030,train
20618,1086,train
20620,1086,train
20623,1066,train
20627,666,train
20629,416,train
20631,1066,train
20632,168,train
20633,1070,train
20634,1084,train
20636,1084,train
20637,1070,train
20638,830,train
20639,996,train
20642,1084,train
20643,1084,train
20647,1084,train
20648,996,train
20650,168,train
20651,1084,train
20658,830,train
20659,1070,train
20660,873,train
20661,921,train
20662,726,train
20663,726,train
20664,862,train
20665,833,train
20666,864,train
20667,864,train
20668,833,train
20669,945,train
20672,945,train
20673,862,train
20674,873,train
20675,862,train
20676,921,train
20677,873,train
20678,862,train
20679,862,train
20681,945,train
20683,833,train
20685,476,train
20686,638,train
20687,833,train
20689,864,train
20690,873,train
20691,833,train
20692,864,train
20695,921,train
20696,945,train
20697,873,train
20698,873,train
20700,833,train
20701,921,train
20702,862,train
20703,833,train
20704,862,train
20705,945,train
20706,833,train
20709,945,train
20711,945,train
20713,945,train
20715,828,train
20716,862,train
20717,833,train
20718,873,train
20719,862,train
20721,883,train
20722,883,train
20723,995,train
20724,1078,train
20725,883,train
20726,883,train
20728,1059,train
20729,883,train
20730,883,train
20731,824,train
20732,883,train
20734,824,train
20735,883,train
20737,883,train
20738,883,train
20740,883,train
20741,883,train
20742,883,train
20743,883,train
20744,1078,train
20745,995,train
20746,883,train
20748,824,train
20751,995,train
20752,1078,train
20753,317,train
20755,1028,train
20756,883,train
20762,1059,train
20763,841,train
20764,1059,train
20766,1078,train
20767,1110,train
20768,1094,train
20769,1094,train
20770,1078,train
20771,1078,train
20772,656,train
20774,1110,train
20775,1094,train
20776,862,train
20777,1117,train
20778,1056,train
20779,1094,train
20780,1094,train
20781,1078,train
20783,1078,train
20784,1078,train
20785,1078,train
20786,862,train
20787,862,train
20789,862,train
20790,1078,train
20793,1094,train
20794,862,train
20795,1110,train
20796,1094,train
20797,1094,train
20798,1078,train
20799,862,train
20800,1078,train
20801,1078,train
20802,1056,train
20803,1078,train
20804,1110,train
20806,862,train
20807,1094,train
20808,1078,train
20809,1075,train
20810,1117,train
20811,1078,train
20812,1094,train
20813,1078,train
20815,1094,train
20817,1094,train
20818,1078,train
20819,1078,train
20820,1094,train
20821,1075,train
20822,1078,train
20823,537,train
20824,1094,train
20825,1078,train
20827,1056,train
20828,1078,train
20829,1094,train
20830,1078,train
20831,1078,train
20832,844,train
20833,1075,train
20834,1078,train
20835,863,train
20836,1078,train
20837,1078,train
20838,1110,train
20839,1078,train
20840,1110,train
20841,1056,train
20842,1078,train
20843,1075,train
20846,1056,train
20847,1078,train
20848,1078,train
20849,1094,train
20850,1075,train
20851,862,train
20852,1078,train
20853,1094,train
20854,1094,train
20858,1078,train
20859,1078,train
20860,1075,train
20861,1078,train
20862,1094,train
20866,1056,train
20867,1056,train
20868,1078,train
20869,1078,train
20871,1094,train
20872,1094,train
20873,1094,train
20875,1078,train
20876,1078,train
20877,1110,train
20878,1094,train
20879,1078,train
20880,1078,train
20881,1056,train
20883,1094,train
20884,1117,train
20886,1110,train
20887,1094,train
20888,656,train
20889,1078,train
20890,1110,train
20891,862,train
20893,1075,train
20896,862,train
20897,537,train
20898,1075,train
20899,862,train
20900,1078,train
20901,844,train
20902,1078,train
20903,862,train
20905,722,train
20906,1009,train
20908,854,train
20910,1044,train
20911,825,train
20912,861,train
20913,1044,train
20915,854,train
20917,854,train
20921,873,train
20922,873,train
20923,854,train
20925,854,train
20926,1009,train
20929,1009,train
20931,1009,train
20932,861,train
20934,854,train
20935,1008,train
20936,819,train
20938,844,train
20940,961,train
20941,1008,train
20942,961,train
20943,1008,train
20944,1008,train
20946,1008,train
20947,1008,train
20949,1008,train
20952,819,train
20953,1008,train
20956,835,train
20957,1078,train
20960,829,train
20961,1078,train
20962,1092,train
20963,1078,train
20964,1078,train
20965,1078,train
20967,1078,train
20968,1078,train
20969,1092,train
20972,1078,train
20975,1078,train
20976,493,train
20977,1078,train
20979,1070,train
20981,1078,train
20982,1078,train
20984,1092,train
20985,1078,train
20986,1070,train
20988,1078,train
20991,1078,train
20992,829,train
20994,829,train
20995,1009,train
20996,1049,train
20998,872,train
20999,1070,train
21000,1070,train
21001,1078,train
21002,1070,train
21007,1078,train
21010,1078,train
21014,1078,train
21016,1078,train
21018,1028,train
21020,1092,train
21021,1078,train
21022,1070,train
21025,1092,train
21026,829,train
21028,829,train
21030,1078,train
21031,1083,train
21034,819,train
21035,1083,train
21036,1083,train
21038,1027,train
21040,1083,train
21041,1083,train
21042,863,train
21044,1084,train
21045,996,train
21046,1084,train
21047,1083,train
21048,996,train
21050,863,train
21051,996,train
21052,996,train
21053,1083,train
21054,1083,train
21055,996,train
21057,1083,train
21058,1083,train
21059,1083,train
21060,863,train
21061,996,train
21062,863,train
21063,1083,train
21064,1083,train
21065,996,train
21066,996,train
21067,1027,train
21068,1083,train
21070,996,train
21071,1083,train
21072,1084,train
21073,1084,train
21074,996,train
21075,872,train
21076,872,train
21077,1008,train
21078,872,train
21080,863,train
21081,872,train
21082,1049,train
21083,863,train
21084,877,train
21085,213,train
21086,863,train
21087,877,train
21088,863,train
21089,1008,train
21090,863,train
21091,872,train
21092,213,train
21093,863,train
21094,1030,train
21095,1111,train
21096,863,train
21097,872,train
21099,872,train
21101,863,train
21102,1111,train
21103,872,train
21104,877,train
21105,1111,train
21106,863,train
21107,872,train
21108,1111,train
21109,532,train
21110,1059,train
21111,1056,train
21112,872,train
21113,532,train
21115,863,train
21116,872,train
21118,1111,train
21119,863,train
21120,872,train
21121,872,train
21122,1008,train
21123,1056,train
21124,872,train
21125,863,train
21126,877,train
21127,872,train
21130,863,train
21131,872,train
21132,1061,train
21133,1061,train
21134,1044,train
21135,1094,train
21137,1044,train
21138,266,train
21139,599,train
21140,1044,train
21141,862,train
21142,1061,train
21144,1094,train
21145,1002,train
21146,1044,train
21147,1061,train
21148,870,train
21150,1061,train
21151,1061,train
21152,1061,train
21153,1002,train
21154,870,train
21155,1002,train
21156,1061,train
21157,1094,train
21158,1002,train
21159,1094,train
21160,1061,train
21161,1044,train
21162,870,train
21163,1044,train
21164,1044,train
21165,1002,train
21166,862,train
21167,1061,train
21168,862,train
21169,1002,train
21170,1061,train
21171,1094,train
21172,870,train
21173,1094,train
21174,1061,train
21175,865,train
21176,1002,train
21177,1061,train
21178,870,train
21179,1061,train
21180,1044,train
21182,870,train
21183,862,train
21184,1044,train
21185,870,train
21187,1002,train
21188,1061,train
21192,873,train
21194,820,train
21195,1143,train
21196,314,train
21197,820,train
21198,820,train
21199,873,train
21200,854,train
21201,820,train
21203,854,train
21204,854,train
21206,820,train
21207,873,train
21208,854,train
21209,820,train
21210,873,train
21211,1055,train
21212,873,train
21214,854,train
21215,314,train
21216,873,train
21217,862,train
21218,314,train
21219,873,train
21221,1055,train
21222,854,train
21223,854,train
21224,854,train
21225,866,train
21226,835,train
21227,1126,train
21229,484,train
21233,909,train
21234,1126,train
21235,909,train
21236,909,train
21238,835,train
21239,866,train
21240,909,train
21243,1126,train
21244,1126,train
21245,835,train
21246,1126,train
21247,1092,train
21248,835,train
21251,531,train
21253,1126,train
21255,531,train
21256,835,train
21258,1126,train
21262,866,train
21263,866,train
21266,835,train
21269,903,train
21270,886,train
21272,886,train
21273,1044,train
21274,1044,train
21275,1193,train
21276,1193,train
21277,1193,train
21278,1044,train
21279,1044,train
21280,903,train
21281,825,train
21282,903,train
21283,886,train
21284,1193,train
21285,15,train
21286,886,train
21287,1193,train
21288,876,train
21289,15,train
21290,886,train
21291,903,train
21292,886,train
21293,1044,train
21294,903,train
21295,903,train
21296,886,train
21297,1044,train
21298,903,train
21299,876,train
21301,1092,train
21303,1092,train
21304,1092,train
21305,1092,train
21306,1092,train
21312,1092,train
21314,1092,train
21319,1068,train
21320,1092,train
21321,865,train
21323,865,train
21326,1068,train
21327,1028,train
21331,1092,train
21332,865,train
21334,1092,train
21337,802,train
21339,865,train
21340,1009,train
21341,863,train
21343,1092,train
21345,795,train
21348,865,train
21349,1092,train
21350,1092,train
21351,1092,train
21352,865,train
21355,1028,train
21356,1092,train
21357,1092,train
21359,802,train
21361,1092,train
21362,1092,train
21363,1092,train
21366,1092,train
21367,1028,train
21369,1009,train
21373,865,train
21379,865,train
21380,1092,train
21382,1009,train
21383,1092,train
21384,1068,train
21385,1126,train
21387,1068,train
21388,1075,train
21390,1092,train
21391,865,train
21396,1092,train
21405,903,train
21409,1028,train
21410,830,train
21411,830,train
21413,902,train
21416,861,train
21417,861,train
21419,861,train
21420,861,train
21421,861,train
21423,861,train
21427,200,train
21429,861,train
21430,861,train
21431,861,train
21432,861,train
21433,861,train
21434,861,train
21438,861,train
21440,861,train
21441,861,train
21442,861,train
21443,861,train
21444,861,train
21445,861,train
21446,861,train
21447,861,train
21448,861,train
21449,861,train
21452,861,train
21455,861,train
21456,999,train
21457,861,train
21458,861,train
21459,200,train
21460,861,train
21461,861,train
21462,1056,train
21464,861,train
21465,861,train
21466,861,train
21467,861,train
21468,861,train
21471,367,train
21472,861,train
21473,861,train
21474,861,train
21475,861,train
21476,861,train
21477,861,train
21478,861,train
21479,861,train
21480,861,train
21481,861,train
21482,861,train
21484,861,train
21485,1093,train
21486,1060,train
21487,1060,train
21490,1060,train
21491,854,train
21492,1060,train
21493,830,train
21494,1093,train
21496,1078,train
21498,1060,train
21499,1078,train
21500,1078,train
21501,1060,train
21503,1078,train
21504,975,train
21509,1078,train
21511,1060,train
21512,1060,train
21513,1060,train
21516,1060,train
21517,975,train
21518,1060,train
21521,1060,train
21523,975,train
21524,1060,train
21526,1094,train
21527,408,train
21529,1094,train
21530,529,train
21531,529,train
21532,665,train
21533,1094,train
21534,408,train
21535,1094,train
21536,529,train
21538,408,train
21539,1094,train
21540,1094,train
21541,408,train
21542,1051,train
21545,864,train
21546,864,train
21548,1077,train
21549,864,train
21550,864,train
21551,864,train
21552,864,train
21553,864,train
21554,1051,train
21555,864,train
21556,1051,train
21559,864,train
21560,864,train
21561,864,train
21562,1051,train
21564,864,train
21565,1083,train
21566,1140,train
21567,1051,train
21568,864,train
21569,864,train
21570,864,train
21571,864,train
21572,1077,train
21573,864,train
21574,825,train
21575,1140,train
21576,1083,train
21577,864,train
21579,864,train
21581,864,train
21583,825,train
21587,1083,train
21588,864,train
21590,864,train
21591,1083,train
21592,864,train
21593,1077,train
21594,1109,train
21595,1086,train
21597,1077,train
21598,1086,train
21599,1140,train
21601,1109,train
21602,1077,train
21604,1109,train
21605,1077,train
21606,1077,train
21607,1109,train
21608,1086,train
21610,1086,train
21612,1109,train
21613,1077,train
21614,1086,train
21615,1077,train
21616,1109,train
21617,1077,train
21618,1077,train
21619,1086,train
21620,1109,train
21622,1077,train
21624,863,train
21625,1077,train
21627,1086,train
21628,1077,train
21629,1086,train
21630,1086,train
21631,1086,train
21632,1109,train
21634,1077,train
21635,1109,train
21636,1077,train
21637,1077,train
21638,1109,train
21639,1077,train
21640,1109,train
21641,1009,train
21642,1109,train
21644,1086,train
21647,1077,train
21648,1077,train
21649,1008,train
21650,1008,train
21651,1039,train
21652,1008,train
21653,1059,train
21654,1008,train
21655,844,train
21656,1008,train
21657,1008,train
21658,1008,train
21659,1110,train
21660,75,train
21661,1008,train
21662,1008,train
21663,1059,train
21664,1059,train
21665,1008,train
21666,1008,train
21667,1059,train
21668,1008,train
21669,844,train
21670,1008,train
21671,1008,train
21672,1008,train
21673,1059,train
21674,1008,train
21675,1008,train
21676,1059,train
21678,1008,train
21681,1008,train
21682,1008,train
21683,1008,train
21684,1008,train
21685,1008,train
21686,833,train
21687,190,train
21689,833,train
21690,872,train
21691,190,train
21692,833,train
21695,872,train
21696,872,train
21697,833,train
21698,1052,train
21699,872,train
21700,872,train
21702,190,train
21703,833,train
21707,1052,train
21708,872,train
21709,872,train
21712,190,train
21714,190,train
21716,872,train
21718,833,train
21719,833,train
21720,995,train
21722,872,train
21724,872,train
21725,833,train
21727,1052,train
21728,872,train
21729,833,train
21732,872,train
21733,190,train
21734,872,train
21735,1052,train
21736,1052,train
21737,190,train
21739,1052,train
21741,190,train
21742,872,train
21744,863,train
21745,863,train
21746,863,train
21747,863,train
21749,863,train
21750,863,train
21752,1110,train
21753,863,train
21754,863,train
21755,863,train
21756,863,train
21757,1110,train
21758,863,train
21759,863,train
21760,608,train
21761,1126,train
21762,863,train
21763,863,train
21765,863,train
21766,863,train
21768,863,train
21769,863,train
21770,1110,train
21772,863,train
21773,863,train
21776,863,train
21777,539,train
21778,1110,train
21779,863,train
21780,1110,train
21781,863,train
21782,539,train
21783,863,train
21785,863,train
21786,863,train
21787,863,train
21788,863,train
21789,863,train
21791,863,train
21792,863,train
21793,863,train
21794,1110,train
21795,863,train
21797,863,train
21798,863,train
21801,1121,train
21803,1121,train
21804,1121,train
21808,1087,train
21810,354,train
21811,1009,train
21812,1086,train
21813,1086,train
21815,1086,train
21816,876,train
21818,1086,train
21820,1086,train
21822,1086,train
21826,1086,train
21828,1087,train
21829,1086,train
21830,1048,train
21832,1087,train
21834,1009,train
21835,1086,train
21837,1086,train
21838,1086,train
21839,1086,train
21840,1086,train
21844,996,train
21845,923,train
21846,923,train
21847,825,train
21851,907,train
21853,1122,train
21855,923,train
21856,923,train
21857,923,train
21858,923,train
21859,825,train
21861,866,train
21862,923,train
21865,866,train
21867,1122,train
21871,923,train
21873,996,train
21875,907,train
21879,886,train
21880,973,train
21881,1052,train
21884,975,train
21885,1203,train
21886,829,train
21887,886,train
21889,41,train
21891,829,train
21894,829,train
21895,1203,train
21897,829,train
21898,829,train
21899,886,train
21900,886,train
21902,829,train
21906,1203,train
21907,886,train
21908,829,train
21910,587,train
21911,886,train
21912,1094,train
21914,975,train
21916,829,train
21917,1094,train
21918,829,train
21919,886,train
21920,886,train
21921,1203,train
21922,829,train
21923,886,train
21924,1203,train
21926,886,train
21927,1203,train
21928,1028,train
21929,1203,train
21930,171,train
21932,829,train
21933,829,train
21934,915,train
21935,915,train
21936,829,train
21938,829,train
21939,829,train
21940,886,train
21944,975,train
21945,886,train
21946,886,train
21949,829,train
21951,886,train
21952,1094,train
21955,975,train
21960,1078,train
21964,1047,train
21965,1078,train
21966,1028,train
21967,880,train
21968,880,train
21969,880,train
21971,1047,train
21973,1047,train
21974,828,train
21976,880,train
21977,828,train
21978,880,train
21979,880,train
21981,880,train
21982,1047,train
21983,1078,train
21984,880,train
21988,833,train
21990,833,train
21991,862,train
21992,1084,train
21993,862,train
21995,833,train
21996,1084,train
21997,833,train
21998,833,train
21999,833,train
22000,864,train
22001,833,train
22005,862,train
22006,833,train
22009,833,train
22010,909,train
22011,833,train
22013,833,train
22014,862,train
22015,833,train
22016,1077,train
22018,864,train
22019,833,train
22020,862,train
22021,833,train
22022,833,train
22025,1077,train
22027,833,train
22029,909,train
22030,833,train
22031,1084,train
22032,864,train
22033,833,train
22036,864,train
22037,862,train
22041,833,train
22042,833,train
22043,1077,train
22044,862,train
22045,833,train
22046,833,train
22048,833,train
22050,1084,train
22051,862,train
22065,861,train
22077,1084,train
22079,822,train
22090,1084,train
22098,1093,train
22099,1021,train
22102,1093,train
22105,1093,train
22107,816,train
22109,830,train
22117,1093,train
22118,1093,train
22125,1021,train
22129,872,train
22132,1093,train
22134,862,train
22144,830,train
22148,1093,train
22151,1093,train
22153,530,train
22154,1002,train
22156,1093,train
22157,1021,train
22161,862,train
22163,830,train
22164,1093,train
22167,862,train
22171,530,train
22172,854,train
22175,830,train
22177,897,train
22178,830,train
22179,830,train
22180,897,train
22184,854,train
22185,854,train
22187,854,train
22189,1078,train
22190,1078,train
22191,1078,train
22192,824,train
22193,1078,train
22194,1018,train
22195,865,train
22196,1078,train
22197,1018,train
22198,1078,train
22201,1078,train
22202,866,train
22203,1078,train
22205,1078,train
22206,1078,train
22208,1078,train
22209,993,train
22212,824,train
22213,1078,train
22214,1078,train
22215,993,train
22219,1122,train
22220,918,train
22221,1122,train
22222,819,train
22223,1086,train
22227,1086,train
22228,918,train
22229,891,train
22235,1086,train
22236,1122,train
22238,819,train
22239,918,train
22240,819,train
22242,891,train
22243,1086,train
22244,918,train
22245,1122,train
22247,957,train
22248,1077,train
22249,1046,train
22250,1077,train
22251,975,train
22252,296,train
22253,357,train
22254,862,train
22255,862,train
22256,296,train
22257,833,train
22258,1077,train
22259,357,train
22261,1077,train
22263,1185,train
22264,1065,train
22265,1077,train
22266,862,train
22270,1077,train
22272,862,train
22273,975,train
22275,975,train
22276,862,train
22278,1077,train
22280,1028,train
22281,862,train
22282,862,train
22283,357,train
22284,1077,train
22286,975,train
22287,862,train
22288,357,train
22289,1185,train
22290,1077,train
22291,1077,train
22292,862,train
22293,1077,train
22294,1077,train
22296,862,train
22297,862,train
22299,296,train
22300,1077,train
22301,357,train
22302,975,train
22303,862,train
22306,1077,train
22308,1077,train
22310,862,train
22312,1077,train
22313,1077,train
22314,862,train
22317,862,train
22318,833,train
22320,1077,train
22321,1077,train
22322,357,train
22325,1077,train
22329,988,train
22333,828,train
22339,828,train
22351,843,train
22353,828,train
22355,828,train
22357,988,train
22366,828,train
22371,828,train
22381,828,train
22382,835,train
22386,843,train
22388,1094,train
22389,214,train
22392,854,train
22393,966,train
22394,877,train
22395,1062,train
22396,866,train
22397,854,train
22398,1028,train
22401,1087,train
22403,1188,train
22405,877,train
22406,877,train
22407,854,train
22408,877,train
22411,877,train
22412,877,train
22415,1087,train
22416,1094,train
22418,854,train
22423,854,train
22424,854,train
22426,1083,train
22428,828,train
22429,872,train
22432,1098,train
22434,872,train
22435,828,train
22436,872,train
22439,872,train
22440,872,train
22443,828,train
22444,768,train
22446,768,train
22448,872,train
22454,311,train
22455,828,train
22457,862,train
22458,862,train
22459,1131,train
22460,1131,train
22461,1131,train
22462,862,train
22463,1131,train
22464,862,train
22465,862,train
22466,862,train
22467,1131,train
22468,1131,train
22469,862,train
22471,862,train
22472,1131,train
22473,862,train
22474,1131,train
22475,862,train
22476,1131,train
22477,1131,train
22478,1003,train
22480,1131,train
22482,1131,train
22483,259,train
22484,904,train
22485,825,train
22493,904,train
22500,1098,train
22503,1098,train
22504,898,train
22507,903,train
22509,896,train
22510,1098,train
22512,896,train
22515,1012,train
22524,996,train
22526,829,train
22532,1098,train
22544,896,train
22546,1098,train
22547,1098,train
22548,1098,train
22550,1098,train
22552,861,train
22553,1098,train
22554,1098,train
22555,1098,train
22556,829,train
22564,829,train
22565,1098,train
22567,1028,train
22569,1098,train
22570,896,train
22575,862,train
22576,1070,train
22577,921,train
22578,1070,train
22579,1070,train
22580,862,train
22581,862,train
22585,835,train
22586,921,train
22588,862,train
22589,862,train
22590,862,train
22591,862,train
22592,862,train
22596,870,train
22597,1070,train
22598,870,train
22599,870,train
22601,862,train
22602,455,train
22605,886,train
22606,1082,train
22607,455,train
22610,1082,train
22612,1082,train
22613,886,train
22614,1082,train
22615,886,train
22616,1082,train
22617,1082,train
22620,1082,train
22621,1082,train
22622,455,train
22623,862,train
22624,862,train
22625,886,train
22627,886,train
22630,1082,train
22631,455,train
22632,455,train
22633,886,train
22635,886,train
22637,886,train
22640,1094,train
22643,1082,train
22644,886,train
22645,862,train
22648,886,train
22649,657,train
22652,886,train
22653,862,train
22655,1094,train
22658,1082,train
22663,862,train
22664,1110,train
22665,862,train
22666,862,train
22667,1110,train
22671,1110,train
22673,862,train
22674,862,train
22676,1110,train
22677,862,train
22679,862,train
22680,862,train
22681,862,train
22682,862,train
22683,862,train
22684,1087,train
22685,1087,train
22686,1087,train
22687,1087,train
22688,843,train
22689,1087,train
22690,1087,train
22691,1087,train
22692,1087,train
22693,1087,train
22694,1087,train
22695,1087,train
22696,854,train
22697,1087,train
22698,1087,train
22700,1087,train
22701,1087,train
22702,1087,train
22703,1087,train
22704,1087,train
22705,1087,train
22706,1087,train
22707,1087,train
22709,1087,train
22710,1087,train
22711,1087,train
22712,1087,train
22713,1087,train
22714,1087,train
22715,854,train
22716,1087,train
22717,1087,train
22718,854,train
22719,1087,train
22720,1087,train
22721,1087,train
22722,1087,train
22723,975,train
22724,1087,train
22725,854,train
22726,1087,train
22727,1087,train
22728,1087,train
22729,1087,train
22730,843,train
22731,1087,train
22732,1087,train
22733,1087,train
22734,1087,train
22735,1087,train
22736,1087,train
22737,1087,train
22738,1087,train
22739,1087,train
22740,1087,train
22741,1068,train
22742,1,train
22743,1,train
22744,1068,train
22746,1068,train
22748,1068,train
22749,1,train
22750,1068,train
22752,1068,train
22753,1068,train
22754,1030,train
22756,1068,train
22758,1159,train
22759,1068,train
22761,1159,train
22763,1068,train
22764,1068,train
22766,1110,train
22767,908,train
22768,1110,train
22769,854,train
22772,1086,train
22774,908,train
22775,1086,train
22776,1110,train
22779,862,train
22780,1110,train
22781,1110,train
22782,1038,train
22784,497,train
22788,1038,train
22789,1086,train
22791,1078,train
22792,829,train
22793,862,train
22794,1078,train
22795,861,train
22797,862,train
22798,829,train
22800,862,train
22801,1078,train
22802,1078,train
22803,1078,train
22804,829,train
22806,829,train
22808,862,train
22810,1078,train
22811,917,train
22812,271,train
22813,861,train
22814,862,train
22815,862,train
22816,862,train
22817,829,train
22818,1078,train
22819,829,train
22821,829,train
22822,861,train
22823,829,train
22826,1078,train
22827,917,train
22828,862,train
22829,829,train
22830,1078,train
22831,839,train
22834,1078,train
22835,7,train
22836,829,train
22837,1078,train
22838,862,train
22839,1078,train
22840,1078,train
22841,1078,train
22842,1078,train
22843,862,train
22844,945,train
22845,945,train
22846,945,train
22850,1107,train
22851,1107,train
22853,945,train
22855,1066,train
22857,909,train
22858,903,train
22859,1091,train
22860,1091,train
22862,945,train
22863,1091,train
22865,1107,train
22867,1066,train
22868,1066,train
22869,1107,train
22870,1091,train
22871,1091,train
22872,1066,train
22873,1066,train
22874,1107,train
22875,1091,train
22879,1066,train
22880,1091,train
22881,945,train
22882,1066,train
22883,945,train
22886,1066,train
22887,1091,train
22888,1107,train
22890,1107,train
22892,1107,train
22893,1091,train
22897,1107,train
22899,1107,train
22905,945,train
22908,909,train
22913,1107,train
22915,1066,train
22916,1091,train
22918,945,train
22920,1107,train
22922,1066,train
22925,1066,train
22926,1091,train
22927,1107,train
22928,1091,train
22929,903,train
22934,1107,train
22935,1091,train
22936,1107,train
22937,1091,train
22940,1091,train
22941,1091,train
22944,1107,train
22945,1091,train
22947,830,train
22949,1091,train
22952,830,train
22953,1107,train
22954,1091,train
22958,1107,train
22960,1091,train
22961,1107,train
22962,1091,train
22963,1091,train
22964,1107,train
22965,1091,train
22966,1091,train
22969,1107,train
22970,1091,train
22971,945,train
22972,1107,train
22973,1091,train
22974,1107,train
22975,1066,train
22978,866,train
22979,1068,train
22980,217,train
22981,999,train
22983,1008,train
22984,1068,train
22986,1068,train
22988,866,train
22989,1008,train
22991,866,train
22992,1078,train
22993,298,train
22994,1078,train
22995,298,train
22996,298,train
22997,136,train
22998,1078,train
22999,298,train
23000,1046,train
23001,298,train
23004,1078,train
23005,830,train
23006,136,train
23007,298,train
23008,1046,train
23011,136,train
23015,1084,train
23019,1009,train
23020,643,train
23027,1084,train
23036,1008,train
23041,687,train
23042,687,train
23044,1084,train
23046,1051,train
23047,1009,train
23049,1008,train
23050,1008,train
23051,643,train
23052,829,train
23053,1008,train
23060,709,train
23061,866,train
23062,1167,train
23064,866,train
23065,866,train
23066,1047,train
23067,655,train
23069,1068,train
23070,1068,train
23071,866,train
23072,861,train
23073,866,train
23076,866,train
23077,866,train
23078,1167,train
23079,1051,train
23081,866,train
23082,866,train
23084,866,train
23085,1047,train
23086,1047,train
23088,1167,train
23089,1167,train
23090,709,train
23091,866,train
23092,1068,train
23093,866,train
23095,1051,train
23097,861,train
23099,1047,train
23100,1075,train
23101,1083,train
23103,1083,train
23104,1086,train
23106,1083,train
23109,1083,train
23110,1083,train
23111,1083,train
23112,1083,train
23113,1083,train
23115,1083,train
23116,1083,train
23117,1086,train
23118,1083,train
23119,1086,train
23126,1062,train
23128,1062,train
23131,1062,train
23134,1062,train
23136,1062,train
23139,1087,train
23140,1062,train
23141,1027,train
23142,749,train
23144,749,train
23147,749,train
23148,1094,train
23149,1094,train
23150,1094,train
23151,1094,train
23152,1094,train
23153,1094,train
23154,1028,train
23155,1094,train
23156,1094,train
23157,1094,train
23159,1094,train
23161,1094,train
23162,1094,train
23163,1094,train
23164,1094,train
23165,1094,train
23167,1094,train
23168,1094,train
23169,1094,train
23170,1094,train
23171,906,train
23172,1094,train
23173,1094,train
23175,1094,train
23176,1094,train
23177,1094,train
23178,1094,train
23179,1094,train
23181,1052,train
23182,1094,train
23183,1094,train
23184,1094,train
23185,1094,train
23186,1094,train
23188,55,train
23189,1094,train
23190,1094,train
23192,986,train
23193,1087,train
23194,1122,train
23195,986,train
23196,1122,train
23198,1087,train
23199,986,train
23202,1087,train
23203,631,train
23204,1087,train
23205,986,train
23206,1122,train
23207,986,train
23209,1161,train
23210,1087,train
23211,631,train
23212,1087,train
23213,1087,train
23215,1122,train
23216,1087,train
23217,1087,train
23218,1087,train
23220,1122,train
23221,1087,train
23222,1121,train
23223,986,train
23225,1082,train
23226,1121,train
23228,986,train
23229,1122,train
23231,1122,train
23233,1087,train
23234,227,train
23235,227,train
23236,862,train
23237,862,train
23239,487,train
23240,859,train
23241,862,train
23245,1059,train
23246,862,train
23247,862,train
23248,996,train
23249,387,train
23252,909,train
23255,1059,train
23256,1056,train
23257,909,train
23261,1056,train
23263,1056,train
23264,862,train
23265,1056,train
23266,862,train
23269,859,train
23271,1094,train
23272,862,train
23274,862,train
23277,862,train
23279,1056,train
23282,1028,train
23283,996,train
23284,1059,train
23285,862,train
23286,1056,train
23289,909,train
23290,909,train
23291,1028,train
23292,862,train
23293,909,train
23294,909,train
23297,1028,train
23298,909,train
23299,909,train
23300,1094,train
23304,996,train
23305,640,train
23312,859,train
23313,859,train
23314,1059,train
23316,862,train
23318,345,train
23320,640,train
23321,909,train
23325,1082,train
23326,1135,train
23327,1110,train
23328,1110,train
23329,1082,train
23330,1082,train
23331,1110,train
23332,1053,train
23333,1110,train
23334,1086,train
23336,1110,train
23338,1086,train
23339,1110,train
23340,1082,train
23343,1110,train
23344,1110,train
23345,1110,train
23347,1082,train
23348,1110,train
23351,1110,train
23352,1110,train
23353,1053,train
23356,1110,train
23359,1110,train
23363,1110,train
23364,1110,train
23365,1110,train
23367,1086,train
23368,630,train
23370,1086,train
23371,1110,train
23372,1110,train
23373,1110,train
23374,1110,train
23375,1110,train
23377,630,train
23378,1110,train
23379,1110,train
23380,1082,train
23381,1110,train
23382,1110,train
23385,1110,train
23386,1110,train
23388,1110,train
23390,1082,train
23393,1110,train
23395,630,train
23396,1053,train
23397,1086,train
23399,1110,train
23403,1110,train
23406,1082,train
23407,1110,train
23411,926,train
23412,854,train
23413,854,train
23414,854,train
23416,1110,train
23418,854,train
23420,854,train
23422,854,train
23423,854,train
23424,854,train
23426,854,train
23427,854,train
23428,926,train
23429,854,train
23430,854,train
23431,854,train
23434,862,train
23439,721,train
23443,862,train
23444,862,train
23445,862,train
23452,999,train
23454,999,train
23458,862,train
23459,1094,train
23460,1078,train
23462,999,train
23465,1078,train
23468,721,train
23476,522,train
23477,1094,train
23479,1005,train
23482,862,train
23484,1084,train
11,1095,validation
12,1095,validation
25,697,validation
34,697,validation
52,1104,validation
56,368,validation
58,1095,validation
59,368,validation
60,1095,validation
61,368,validation
169,1104,validation
213,1104,validation
226,815,validation
262,878,validation
263,984,validation
264,1104,validation
266,1104,validation
267,984,validation
269,1104,validation
271,984,validation
272,984,validation
273,1104,validation
274,878,validation
279,565,validation
280,984,validation
281,1104,validation
283,878,validation
285,1104,validation
287,984,validation
288,878,validation
289,984,validation
290,984,validation
291,984,validation
293,984,validation
294,984,validation
295,1104,validation
297,984,validation
299,984,validation
300,1104,validation
301,984,validation
303,1104,validation
305,984,validation
306,1104,validation
307,831,validation
308,984,validation
309,1104,validation
321,831,validation
338,831,validation
341,831,validation
356,831,validation
381,1104,validation
383,1104,validation
389,1104,validation
392,746,validation
397,1035,validation
408,1036,validation
418,831,validation
431,967,validation
451,967,validation
469,1104,validation
471,984,validation
477,984,validation
480,1104,validation
489,831,validation
491,984,validation
520,984,validation
522,1104,validation
524,1104,validation
528,984,validation
530,984,validation
539,1104,validation
541,984,validation
544,1104,validation
545,984,validation
547,984,validation
552,984,validation
555,984,validation
556,831,validation
567,875,validation
568,875,validation
579,875,validation
581,875,validation
588,875,validation
598,1079,validation
600,875,validation
619,252,validation
621,252,validation
625,252,validation
626,252,validation
630,252,validation
638,620,validation
648,252,validation
651,252,validation
654,252,validation
659,252,validation
663,620,validation
666,252,validation
667,252,validation
703,1137,validation
709,1137,validation
738,1137,validation
747,1137,validation
845,548,validation
871,815,validation
881,299,validation
885,1010,validation
891,815,validation
902,832,validation
985,878,validation
992,878,validation
1068,1099,validation
1071,815,validation
1072,1099,validation
1073,831,validation
1075,1099,validation
1077,831,validation
1080,831,validation
1083,1099,validation
1084,1099,validation
1086,831,validation
1088,1099,validation
1092,831,validation
1096,815,validation
1098,831,validation
1099,815,validation
1100,1099,validation
1101,1099,validation
1103,831,validation
1104,815,validation
1105,1076,validation
1106,815,validation
1107,831,validation
1108,815,validation
1109,831,validation
1116,691,validation
1117,831,validation
1122,860,validation
1124,875,validation
1125,992,validation
1126,860,validation
1129,860,validation
1130,860,validation
1134,992,validation
1137,860,validation
1138,831,validation
1143,860,validation
1145,860,validation
1148,860,validation
1150,860,validation
1151,860,validation
1152,1042,validation
1170,1042,validation
1206,1042,validation
1215,1095,validation
1217,1095,validation
1225,1095,validation
1227,1095,validation
1233,1095,validation
1235,1095,validation
1240,875,validation
1243,979,validation
1244,979,validation
1249,1095,validation
1259,1095,validation
1261,979,validation
1262,1095,validation
1263,1095,validation
1265,1095,validation
1266,1095,validation
1267,1095,validation
1274,1095,validation
1281,875,validation
1284,1095,validation
1285,979,validation
1286,875,validation
1287,1095,validation
1290,1095,validation
1294,1095,validation
1295,875,validation
1296,1095,validation
1297,1095,validation
1302,1095,validation
1303,1095,validation
1305,875,validation
1308,1095,validation
1310,875,validation
1314,1095,validation
1337,860,validation
1346,860,validation
1351,860,validation
1367,860,validation
1368,860,validation
1369,860,validation
1378,860,validation
1386,860,validation
1397,860,validation
1402,860,validation
1412,442,validation
1436,442,validation
1449,442,validation
1474,860,validation
1475,860,validation
1483,860,validation
1484,860,validation
1492,860,validation
1493,860,validation
1496,860,validation
1501,860,validation
1506,831,validation
1517,947,validation
1520,947,validation
1521,947,validation
1522,424,validation
1525,947,validation
1535,831,validation
1536,603,validation
1538,947,validation
1539,947,validation
1540,947,validation
1541,424,validation
1544,947,validation
1545,947,validation
1548,947,validation
1552,947,validation
1553,947,validation
1584,942,validation
1592,878,validation
1594,942,validation
1618,942,validation
1620,992,validation
1632,992,validation
1635,942,validation
1636,878,validation
1637,992,validation
1651,1104,validation
1655,878,validation
1658,1104,validation
1678,878,validation
1681,860,validation
1682,860,validation
1685,860,validation
1689,970,validation
1700,860,validation
1702,860,validation
1704,860,validation
1706,860,validation
1711,970,validation
1712,860,validation
1725,831,validation
1727,860,validation
1737,1035,validation
1738,984,validation
1741,984,validation
1742,769,validation
1745,888,validation
1752,984,validation
1753,888,validation
1755,1095,validation
1756,1095,validation
1760,1095,validation
1761,1095,validation
1766,1095,validation
1772,1095,validation
1773,1095,validation
1774,1095,validation
1777,1095,validation
1783,1095,validation
1789,1095,validation
1790,1095,validation
1792,1095,validation
1801,1095,validation
1804,1095,validation
1807,1095,validation
1878,860,validation
1885,1035,validation
1889,860,validation
1894,860,validation
1895,1035,validation
1897,1035,validation
1898,1035,validation
1899,860,validation
1903,1036,validation
1908,860,validation
1916,1035,validation
1919,1035,validation
1931,860,validation
1932,860,validation
1933,1035,validation
1978,321,validation
1988,831,validation
1990,831,validation
1991,831,validation
1992,831,validation
2007,1095,validation
2013,1134,validation
2018,63,validation
2019,1095,validation
2026,1095,validation
2030,1095,validation
2031,1095,validation
2033,1079,validation
2037,815,validation
2163,984,validation
2185,146,validation
2188,984,validation
2195,146,validation
2211,146,validation
2214,146,validation
2248,984,validation
2255,875,validation
2258,875,validation
2260,875,validation
2264,832,validation
2271,875,validation
2281,875,validation
2283,875,validation
2288,875,validation
2297,992,validation
2300,992,validation
2312,860,validation
2315,860,validation
2316,1100,validation
2317,992,validation
2322,992,validation
2325,992,validation
2327,1100,validation
2377,248,validation
2391,1099,validation
2396,1134,validation
2397,248,validation
2405,930,validation
2417,1099,validation
2418,248,validation
2422,1134,validation
2430,1085,validation
2434,1076,validation
2437,1085,validation
2440,1085,validation
2441,1085,validation
2444,1085,validation
2446,1085,validation
2448,1085,validation
2449,1085,validation
2455,1085,validation
2458,1085,validation
2463,1085,validation
2465,1085,validation
2471,1085,validation
2482,96,validation
2488,1095,validation
2495,14,validation
2512,1095,validation
2530,1095,validation
2531,1104,validation
2543,1095,validation
2548,1104,validation
2550,1095,validation
2551,1095,validation
2553,1104,validation
2561,1095,validation
2564,1010,validation
2566,1104,validation
2567,1095,validation
2569,1095,validation
2575,1095,validation
2595,818,validation
2612,1085,validation
2614,1085,validation
2618,831,validation
2626,831,validation
2638,1085,validation
2651,1104,validation
2661,881,validation
2664,1095,validation
2667,881,validation
2678,1095,validation
2689,881,validation
2691,881,validation
2692,1095,validation
2694,881,validation
2698,881,validation
2701,818,validation
2706,1095,validation
2713,818,validation
2719,984,validation
2726,984,validation
2730,984,validation
2743,984,validation
2747,732,validation
2755,1123,validation
2757,878,validation
2759,878,validation
2760,878,validation
2766,878,validation
2786,1099,validation
2790,1099,validation
2807,1099,validation
2825,984,validation
2826,984,validation
2828,984,validation
2829,984,validation
2830,1050,validation
2831,1050,validation
2833,984,validation
2835,984,validation
2837,984,validation
2838,984,validation
2842,1050,validation
2844,1125,validation
2847,1125,validation
2848,429,validation
2882,1125,validation
2908,1125,validation
2912,1125,validation
2916,1125,validation
2917,1125,validation
2924,1125,validation
2932,1125,validation
2936,1125,validation
2939,1125,validation
2946,288,validation
2947,1125,validation
3016,1104,validation
3045,878,validation
3059,878,validation
3107,1104,validation
3128,1104,validation
3147,1104,validation
3167,1104,validation
3170,1100,validation
3184,1100,validation
3195,1100,validation
3221,1104,validation
3232,1035,validation
3239,1035,validation
3241,1079,validation
3243,1035,validation
3251,787,validation
3255,1035,validation
3259,1035,validation
3269,1035,validation
3270,1035,validation
3273,1035,validation
3276,1035,validation
3281,1035,validation
3289,984,validation
3290,984,validation
3292,984,validation
3293,984,validation
3294,931,validation
3297,984,validation
3298,984,validation
3303,984,validation
3304,930,validation
3308,860,validation
3309,860,validation
3312,984,validation
3313,930,validation
3319,860,validation
3320,984,validation
3321,984,validation
3323,984,validation
3324,984,validation
3326,984,validation
3328,860,validation
3331,984,validation
3334,984,validation
3339,860,validation
3345,860,validation
3352,860,validation
3358,860,validation
3360,860,validation
3366,860,validation
3369,860,validation
3376,984,validation
3379,860,validation
3383,860,validation
3388,860,validation
3389,860,validation
3393,860,validation
3394,860,validation
3401,984,validation
3403,984,validation
3405,860,validation
3411,860,validation
3414,860,validation
3415,860,validation
3496,468,validation
3497,931,validation
3505,818,validation
3515,818,validation
3522,818,validation
3525,929,validation
3528,929,validation
3534,929,validation
3547,652,validation
3552,1147,validation
3554,875,validation
3558,1147,validation
3571,1147,validation
3583,652,validation
3587,652,validation
3591,1147,validation
3605,1147,validation
3606,942,validation
3607,881,validation
3610,942,validation
3614,881,validation
3624,942,validation
3626,942,validation
3640,881,validation
3643,1125,validation
3646,942,validation
3647,942,validation
3711,878,validation
3717,878,validation
3728,878,validation
3801,232,validation
3806,232,validation
3813,792,validation
3822,818,validation
3828,716,validation
3841,831,validation
3846,1099,validation
3848,860,validation
3849,860,validation
3853,1099,validation
3854,1099,validation
3860,1099,validation
3862,860,validation
3864,1099,validation
3866,860,validation
3867,860,validation
3872,860,validation
3873,1099,validation
3877,860,validation
3881,860,validation
3884,1099,validation
3885,860,validation
3886,860,validation
3887,1099,validation
3888,860,validation
3892,860,validation
3896,860,validation
3897,1100,validation
3899,1099,validation
3901,1099,validation
3903,1099,validation
3905,1099,validation
3906,1100,validation
3908,860,validation
3910,860,validation
3911,860,validation
3912,460,validation
3914,460,validation
3915,831,validation
3917,460,validation
3918,460,validation
3919,460,validation
3920,460,validation
3924,460,validation
3927,831,validation
3939,460,validation
3942,460,validation
3950,460,validation
3952,460,validation
3953,460,validation
3954,460,validation
3957,460,validation
3958,460,validation
3960,860,validation
3965,257,validation
3968,860,validation
3973,257,validation
3975,1147,validation
3977,257,validation
3987,860,validation
3997,860,validation
4000,860,validation
4002,860,validation
4006,860,validation
4009,257,validation
4026,860,validation
4027,860,validation
4031,860,validation
4032,860,validation
4038,860,validation
4044,257,validation
4048,257,validation
4049,257,validation
4058,860,validation
4061,860,validation
4069,1147,validation
4074,257,validation
4075,942,validation
4086,257,validation
4105,992,validation
4133,1104,validation
4137,1104,validation
4138,1104,validation
4139,1104,validation
4142,1104,validation
4143,1104,validation
4145,1104,validation
4150,1064,validation
4151,1104,validation
4155,1104,validation
4159,1104,validation
4166,1035,validation
4170,1035,validation
4171,1035,validation
4173,860,validation
4174,1035,validation
4177,860,validation
4182,860,validation
4183,860,validation
4185,1035,validation
4187,860,validation
4196,860,validation
4199,860,validation
4204,860,validation
4207,860,validation
4213,860,validation
4474,1095,validation
4475,1095,validation
4480,1095,validation
4482,1095,validation
4483,1095,validation
4487,1095,validation
4488,1095,validation
4490,1095,validation
4496,1095,validation
4502,1095,validation
4503,1095,validation
4506,1095,validation
4507,1095,validation
4509,1095,validation
4510,1095,validation
4511,1095,validation
4513,1095,validation
4515,1095,validation
4550,831,validation
4562,831,validation
4608,1006,validation
4615,963,validation
4633,963,validation
4636,963,validation
4643,963,validation
4653,878,validation
4655,1095,validation
4670,878,validation
4672,878,validation
4675,878,validation
4680,878,validation
4696,831,validation
4705,832,validation
4711,826,validation
4717,1100,validation
4718,1076,validation
4720,381,validation
4721,381,validation
4723,381,validation
4727,381,validation
4731,1100,validation
4732,381,validation
4739,1100,validation
4741,1076,validation
4753,1100,validation
4758,381,validation
4761,1100,validation
4764,381,validation
4770,381,validation
4772,381,validation
4819,306,validation
4844,306,validation
4871,1099,validation
4875,826,validation
4879,463,validation
4880,1036,validation
4882,463,validation
4883,984,validation
4887,826,validation
4888,826,validation
4891,363,validation
4895,463,validation
4897,463,validation
4899,984,validation
4906,826,validation
4907,463,validation
4908,363,validation
4912,363,validation
4918,826,validation
4919,1099,validation
4926,1099,validation
4928,1099,validation
4933,1036,validation
4943,878,validation
4964,878,validation
5006,831,validation
5009,831,validation
5015,875,validation
5016,1095,validation
5017,875,validation
5018,875,validation
5019,1095,validation
5020,1095,validation
5023,875,validation
5027,1095,validation
5029,875,validation
5030,1095,validation
5031,875,validation
5032,826,validation
5033,1095,validation
5036,875,validation
5038,1095,validation
5039,1095,validation
5040,1095,validation
5041,875,validation
5042,875,validation
5044,875,validation
5045,875,validation
5046,875,validation
5047,1095,validation
5048,875,validation
5050,875,validation
5051,875,validation
5052,875,validation
5053,1095,validation
5054,1095,validation
5055,875,validation
5056,1095,validation
5057,875,validation
5058,1095,validation
5059,1095,validation
5061,875,validation
5062,1095,validation
5063,1095,validation
5065,875,validation
5066,875,validation
5067,1095,validation
5070,1095,validation
5072,875,validation
5074,1095,validation
5075,1095,validation
5076,875,validation
5077,1095,validation
5078,826,validation
5079,875,validation
5081,1095,validation
5082,1095,validation
5084,1095,validation
5088,1035,validation
5107,1035,validation
5108,678,validation
5116,678,validation
5120,678,validation
5132,1035,validation
5135,678,validation
5136,678,validation
5142,1035,validation
5143,678,validation
5146,1035,validation
5149,881,validation
5150,881,validation
5152,881,validation
5153,881,validation
5154,881,validation
5155,881,validation
5157,881,validation
5159,881,validation
5160,881,validation
5162,818,validation
5163,881,validation
5164,881,validation
5167,881,validation
5169,881,validation
5174,881,validation
5214,1035,validation
5221,1099,validation
5237,1099,validation
5245,1035,validation
5246,1035,validation
5258,1035,validation
5263,1035,validation
5267,1035,validation
5301,1104,validation
5335,1095,validation
5336,1058,validation
5337,1095,validation
5340,1095,validation
5343,1095,validation
5344,1095,validation
5345,1095,validation
5347,1095,validation
5351,831,validation
5353,1095,validation
5357,1095,validation
5359,1095,validation
5363,1095,validation
5364,1095,validation
5381,1095,validation
5389,831,validation
5390,1095,validation
5394,1095,validation
5396,1095,validation
5409,1058,validation
5423,831,validation
5455,984,validation
5502,330,validation
5529,831,validation
5530,831,validation
5576,831,validation
5588,831,validation
5595,831,validation
5637,1099,validation
5640,1099,validation
5641,1099,validation
5642,1099,validation
5643,1099,validation
5645,1099,validation
5646,878,validation
5647,1099,validation
5649,878,validation
5654,1099,validation
5656,1099,validation
5657,878,validation
5658,818,validation
5659,1099,validation
5660,818,validation
5661,818,validation
5667,1099,validation
5669,831,validation
5677,831,validation
5770,690,validation
5793,818,validation
5797,818,validation
5801,818,validation
5809,1088,validation
5810,1095,validation
5818,818,validation
5872,815,validation
5881,702,validation
5897,815,validation
5903,815,validation
5908,1088,validation
5909,815,validation
5928,815,validation
6114,860,validation
6122,860,validation
6124,984,validation
6136,984,validation
6141,860,validation
6163,984,validation
6181,138,validation
6184,881,validation
6185,881,validation
6271,881,validation
6321,831,validation
6327,831,validation
6332,385,validation
6337,385,validation
6342,984,validation
6353,984,validation
6358,246,validation
6359,984,validation
6369,832,validation
6381,832,validation
6382,676,validation
6389,1036,validation
6396,676,validation
6399,676,validation
6402,676,validation
6405,676,validation
6406,832,validation
6410,676,validation
6438,831,validation
6447,831,validation
6450,831,validation
6452,831,validation
6457,831,validation
6464,150,validation
6474,150,validation
6478,150,validation
6482,150,validation
6483,150,validation
6486,1095,validation
6490,1095,validation
6491,1095,validation
6495,1095,validation
6496,1095,validation
6497,1095,validation
6498,1095,validation
6499,1095,validation
6501,1095,validation
6507,1095,validation
6513,1095,validation
6520,1095,validation
6527,1095,validation
6529,1036,validation
6530,1095,validation
6532,1095,validation
6535,1095,validation
6536,1095,validation
6541,1095,validation
6543,1095,validation
6547,1095,validation
6561,818,validation
6564,818,validation
6586,818,validation
6596,818,validation
6622,1085,validation
6649,1085,validation
6666,1085,validation
6685,1100,validation
6686,1100,validation
6687,1100,validation
6688,1100,validation
6689,860,validation
6691,1100,validation
6694,1100,validation
6699,1100,validation
6702,1100,validation
6715,179,validation
6720,1100,validation
6721,1160,validation
6722,1100,validation
6725,878,validation
6726,1100,validation
6730,1100,validation
6733,1100,validation
6739,1100,validation
6754,831,validation
6755,1100,validation
6759,831,validation
6762,818,validation
6768,831,validation
6769,831,validation
6770,831,validation
6785,967,validation
6787,967,validation
6794,1035,validation
6797,967,validation
6798,1035,validation
6799,1035,validation
6907,860,validation
6913,860,validation
6917,615,validation
6918,928,validation
6930,860,validation
6931,1099,validation
6944,860,validation
6949,1099,validation
6952,860,validation
6954,860,validation
6956,860,validation
6958,928,validation
6968,970,validation
6972,970,validation
6999,641,validation
7008,641,validation
7011,641,validation
7015,641,validation
7018,641,validation
7020,641,validation
7023,641,validation
7025,641,validation
7041,641,validation
7045,641,validation
7051,831,validation
7075,1035,validation
7080,645,validation
7081,984,validation
7083,1035,validation
7084,1035,validation
7085,984,validation
7088,984,validation
7104,645,validation
7106,645,validation
7113,984,validation
7115,1035,validation
7118,1035,validation
7119,1035,validation
7123,984,validation
7124,1095,validation
7125,984,validation
7128,984,validation
7135,984,validation
7136,984,validation
7142,1023,validation
7149,860,validation
7155,1100,validation
7159,1100,validation
7162,860,validation
7166,1099,validation
7177,860,validation
7179,1099,validation
7181,860,validation
7185,860,validation
7191,860,validation
7196,860,validation
7203,860,validation
7207,1099,validation
7210,1099,validation
7217,860,validation
7227,409,validation
7241,1050,validation
7273,1035,validation
7274,1035,validation
7291,860,validation
7325,860,validation
7326,860,validation
7328,874,validation
7338,1099,validation
7341,1099,validation
7342,1035,validation
7349,874,validation
7350,874,validation
7355,1099,validation
7356,1095,validation
7357,1099,validation
7363,878,validation
7364,1100,validation
7382,1100,validation
7393,1100,validation
7398,1100,validation
7399,878,validation
7410,1100,validation
7415,1100,validation
7419,1100,validation
7422,1123,validation
7430,1100,validation
7431,502,validation
7437,1076,validation
7441,502,validation
7449,439,validation
7454,439,validation
7463,439,validation
7473,116,validation
7475,116,validation
7477,968,validation
7479,116,validation
7482,968,validation
7484,116,validation
7487,116,validation
7491,968,validation
7495,968,validation
7496,968,validation
7509,818,validation
7511,968,validation
7517,747,validation
7583,815,validation
7591,831,validation
7601,815,validation
7602,815,validation
7609,831,validation
7621,815,validation
7622,815,validation
7639,1166,validation
7642,831,validation
7671,860,validation
7677,860,validation
7689,860,validation
7697,860,validation
7700,881,validation
7701,967,validation
7717,860,validation
7718,967,validation
7721,860,validation
7779,928,validation
7795,928,validation
7805,928,validation
7811,928,validation
7887,860,validation
7934,881,validation
7947,1099,validation
7949,1099,validation
7954,1099,validation
7959,1104,validation
7963,1006,validation
7965,1099,validation
7967,1099,validation
7972,1099,validation
7979,1099,validation
7987,1099,validation
7990,1099,validation
8005,1006,validation
8008,1099,validation
8012,1099,validation
8016,1104,validation
8017,1099,validation
8019,1104,validation
8020,1099,validation
8021,1099,validation
8022,1099,validation
8033,1006,validation
8057,1079,validation
8109,1079,validation
8122,472,validation
8125,472,validation
8126,860,validation
8131,860,validation
8133,472,validation
8134,860,validation
8138,878,validation
8140,860,validation
8149,860,validation
8150,472,validation
8151,472,validation
8152,1079,validation
8175,831,validation
8178,831,validation
8487,1050,validation
8492,1152,validation
8512,1050,validation
8583,243,validation
8591,243,validation
8598,243,validation
8610,243,validation
8695,818,validation
8733,1050,validation
8769,1095,validation
8782,348,validation
8799,881,validation
8808,1100,validation
8811,881,validation
8826,984,validation
8845,725,validation
8850,1088,validation
8857,1088,validation
8868,984,validation
8871,83,validation
8886,878,validation
8936,831,validation
8947,951,validation
8949,951,validation
8954,1079,validation
8993,1035,validation
9003,1035,validation
9014,1035,validation
9048,1035,validation
9054,1100,validation
9058,1035,validation
9062,1123,validation
9064,1123,validation
9067,1123,validation
9068,1123,validation
9069,1035,validation
9070,1123,validation
9072,1035,validation
9073,1123,validation
9077,1123,validation
9081,1123,validation
9085,1123,validation
9086,1035,validation
9088,1035,validation
9089,1123,validation
9090,1123,validation
9092,1123,validation
9093,1123,validation
9103,1035,validation
9104,1035,validation
9106,1123,validation
9108,1123,validation
9109,1035,validation
9111,1123,validation
9113,1123,validation
9116,622,validation
9118,622,validation
9123,832,validation
9126,984,validation
9128,622,validation
9129,984,validation
9130,984,validation
9131,984,validation
9133,622,validation
9134,622,validation
9137,622,validation
9138,984,validation
9140,984,validation
9142,622,validation
9145,984,validation
9155,984,validation
9156,622,validation
9158,622,validation
9160,860,validation
9163,860,validation
9168,1104,validation
9174,1104,validation
9175,860,validation
9176,860,validation
9177,1104,validation
9178,1104,validation
9182,1104,validation
9185,1104,validation
9187,860,validation
9192,860,validation
9194,1104,validation
9204,860,validation
9205,860,validation
9208,860,validation
9216,1104,validation
9217,1104,validation
9240,831,validation
9261,1079,validation
9263,818,validation
9265,831,validation
9275,818,validation
9300,881,validation
9303,815,validation
9305,815,validation
9307,815,validation
9308,815,validation
9314,815,validation
9316,815,validation
9320,815,validation
9331,815,validation
9426,1104,validation
9433,799,validation
9434,1104,validation
9473,1099,validation
9480,826,validation
9492,826,validation
9507,860,validation
9517,860,validation
9541,1104,validation
9550,1104,validation
9553,1104,validation
9554,1104,validation
9555,1104,validation
9556,1104,validation
9558,1104,validation
9561,1104,validation
9562,1104,validation
9567,1095,validation
9568,1095,validation
9569,399,validation
9574,826,validation
9576,826,validation
9579,826,validation
9586,826,validation
9587,928,validation
9592,1104,validation
9597,1104,validation
9599,826,validation
9646,1095,validation
9657,1095,validation
9672,826,validation
9679,1095,validation
9695,1095,validation
9696,1095,validation
9714,1095,validation
9721,545,validation
9730,875,validation
9775,826,validation
9876,860,validation
9878,860,validation
9880,860,validation
9886,860,validation
9888,588,validation
9889,588,validation
9890,860,validation
9892,860,validation
9894,860,validation
9900,588,validation
9901,860,validation
9904,860,validation
9910,860,validation
9911,860,validation
9913,860,validation
9914,860,validation
9918,588,validation
9920,860,validation
9923,860,validation
9928,860,validation
9931,860,validation
9932,860,validation
9935,860,validation
9937,860,validation
9938,860,validation
9943,1035,validation
9944,1035,validation
9946,1035,validation
9953,1035,validation
9955,1035,validation
9960,1035,validation
9970,1035,validation
9974,1035,validation
10074,1036,validation
10075,881,validation
10078,498,validation
10079,498,validation
10085,1095,validation
10092,498,validation
10101,881,validation
10105,498,validation
10115,1036,validation
10121,560,validation
10163,1104,validation
10170,1123,validation
10173,1076,validation
10174,1123,validation
10176,1076,validation
10180,1123,validation
10181,881,validation
10186,1076,validation
10187,1076,validation
10188,831,validation
10189,1076,validation
10194,1076,validation
10195,1076,validation
10198,1076,validation
10204,1076,validation
10216,1123,validation
10221,1076,validation
10225,1123,validation
10226,1123,validation
10233,1104,validation
10260,860,validation
10264,860,validation
10276,860,validation
10280,860,validation
10292,860,validation
10294,860,validation
10298,860,validation
10306,860,validation
10307,860,validation
10312,860,validation
10315,860,validation
10335,860,validation
10355,860,validation
10390,1085,validation
10452,1035,validation
10464,1088,validation
10470,818,validation
10474,1035,validation
10485,929,validation
10488,860,validation
10506,929,validation
10513,860,validation
10518,860,validation
10521,860,validation
10528,860,validation
10529,929,validation
10531,929,validation
10534,929,validation
10539,860,validation
10544,860,validation
10549,860,validation
10550,860,validation
10558,860,validation
10564,929,validation
10566,860,validation
10567,860,validation
10569,929,validation
10572,860,validation
10573,929,validation
10574,860,validation
10575,929,validation
10589,929,validation
10592,860,validation
10605,1100,validation
10622,1100,validation
10627,1036,validation
10630,1036,validation
10720,87,validation
10772,209,validation
10799,1104,validation
10863,860,validation
10864,992,validation
10870,1099,validation
10873,1099,validation
10874,860,validation
10878,860,validation
10879,1099,validation
10893,1099,validation
10894,1099,validation
10898,860,validation
10902,759,validation
10904,815,validation
10909,992,validation
10910,1099,validation
10916,815,validation
11019,1035,validation
11021,1035,validation
11024,1035,validation
11025,1050,validation
11037,1050,validation
11040,1050,validation
11041,1050,validation
11048,356,validation
11050,1050,validation
11052,1050,validation
11062,831,validation
11077,831,validation
11202,1095,validation
11265,1045,validation
11315,831,validation
11342,831,validation
11374,731,validation
11390,967,validation
11409,967,validation
11430,1104,validation
11432,1104,validation
11456,701,validation
11495,1104,validation
11706,1099,validation
11708,1036,validation
11713,815,validation
11755,818,validation
11759,1079,validation
11762,1079,validation
11765,1079,validation
11767,1079,validation
11768,1079,validation
11780,1079,validation
11786,1079,validation
11789,1079,validation
11791,1079,validation
11801,1079,validation
11803,1079,validation
11805,1079,validation
11806,1079,validation
11808,1079,validation
11812,1079,validation
11815,1079,validation
11817,1079,validation
11820,1079,validation
11823,1079,validation
11824,1099,validation
11828,1079,validation
11829,1079,validation
11830,1079,validation
11834,1079,validation
11837,1079,validation
11852,1045,validation
11867,818,validation
11886,860,validation
11888,860,validation
11910,860,validation
11911,860,validation
11914,860,validation
11915,860,validation
11916,860,validation
11922,860,validation
11925,860,validation
11933,815,validation
11984,831,validation
11999,831,validation
12003,831,validation
12013,831,validation
12017,1042,validation
12018,1042,validation
12023,831,validation
12029,1042,validation
12030,831,validation
12086,1095,validation
12087,1095,validation
12094,1095,validation
12100,1095,validation
12105,629,validation
12106,1095,validation
12107,1095,validation
12108,1095,validation
12110,1095,validation
12140,563,validation
12149,287,validation
12153,287,validation
12161,563,validation
12163,287,validation
12167,287,validation
12282,1134,validation
12284,875,validation
12311,1134,validation
12317,875,validation
12421,267,validation
12427,815,validation
12442,1035,validation
12447,1035,validation
12454,1035,validation
12457,1035,validation
12469,1035,validation
12471,1035,validation
12483,1035,validation
12486,48,validation
12494,1035,validation
12496,1035,validation
12497,1035,validation
12499,1035,validation
12509,1035,validation
12593,984,validation
12598,1147,validation
12599,984,validation
12604,984,validation
12606,104,validation
12608,1100,validation
12614,1100,validation
12615,728,validation
12619,860,validation
12628,984,validation
12636,984,validation
12643,984,validation
12650,875,validation
12651,875,validation
12652,875,validation
12653,875,validation
12654,875,validation
12655,875,validation
12656,875,validation
12657,762,validation
12658,875,validation
12667,875,validation
12673,875,validation
12675,875,validation
12679,875,validation
12680,875,validation
12682,875,validation
12688,875,validation
12689,875,validation
12691,875,validation
12759,428,validation
12783,860,validation
12790,1104,validation
12803,625,validation
12806,625,validation
12817,300,validation
12818,300,validation
12819,300,validation
12822,300,validation
12826,300,validation
12827,300,validation
12829,1100,validation
12830,300,validation
12835,300,validation
12836,300,validation
12845,300,validation
12851,300,validation
12852,300,validation
12861,300,validation
12862,300,validation
12865,1100,validation
12872,984,validation
12879,984,validation
12880,984,validation
12886,984,validation
12892,1099,validation
12906,984,validation
12907,1099,validation
12919,888,validation
12923,1099,validation
12948,736,validation
12951,736,validation
12959,942,validation
12988,942,validation
12989,942,validation
13004,942,validation
13013,1192,validation
13015,1042,validation
13020,692,validation
13035,1192,validation
13039,1192,validation
13046,1192,validation
13122,1099,validation
13129,1099,validation
13168,1095,validation
13174,1095,validation
13184,1095,validation
13235,1095,validation
13246,1095,validation
13254,1076,validation
13277,1040,validation
13297,930,validation
13298,875,validation
13303,1035,validation
13304,875,validation
13305,789,validation
13319,1035,validation
13321,930,validation
13330,875,validation
13343,1036,validation
13355,875,validation
13369,1099,validation
13387,967,validation
13437,1125,validation
13438,1125,validation
13440,1125,validation
13447,1125,validation
13448,1099,validation
13450,1099,validation
13451,1125,validation
13453,1125,validation
13455,1125,validation
13456,1099,validation
13457,1125,validation
13459,253,validation
13462,1125,validation
13467,253,validation
13468,1099,validation
13469,253,validation
13472,1125,validation
13475,1099,validation
13476,1168,validation
13492,1079,validation
13510,942,validation
13557,1104,validation
13561,1095,validation
13569,1095,validation
13570,1104,validation
13573,1104,validation
13577,1104,validation
13601,1104,validation
13609,1095,validation
13621,1095,validation
13624,1104,validation
13663,1088,validation
13667,806,validation
13668,831,validation
13670,967,validation
13671,1088,validation
13674,1088,validation
13675,500,validation
13680,1088,validation
13684,806,validation
13688,1088,validation
13689,831,validation
13693,831,validation
13695,1088,validation
13759,1095,validation
13764,1104,validation
13766,1095,validation
13767,492,validation
13768,492,validation
13775,1095,validation
13776,1095,validation
13777,1095,validation
13778,1095,validation
13780,1095,validation
13784,1095,validation
13790,1095,validation
13791,831,validation
13794,1095,validation
13802,1095,validation
13804,1095,validation
13809,1095,validation
13810,1095,validation
13811,831,validation
13813,1095,validation
13817,831,validation
13818,831,validation
13825,1095,validation
13835,1095,validation
13837,1095,validation
13841,1095,validation
13855,1095,validation
13862,831,validation
13863,1095,validation
13864,1095,validation
13867,831,validation
13869,1095,validation
13870,1095,validation
13874,1095,validation
13876,1095,validation
13879,831,validation
13880,1095,validation
13957,343,validation
13970,757,validation
13973,343,validation
13974,343,validation
13975,757,validation
13978,757,validation
13983,818,validation
13985,831,validation
13986,343,validation
13996,343,validation
14002,757,validation
14062,25,validation
14077,1076,validation
14080,1076,validation
14089,1076,validation
14094,831,validation
14118,1076,validation
14119,1076,validation
14125,1076,validation
14147,606,validation
14148,606,validation
14166,761,validation
14171,761,validation
14188,606,validation
14214,1085,validation
14218,1085,validation
14333,432,validation
14334,1088,validation
14376,875,validation
14390,1158,validation
14422,831,validation
14423,831,validation
14428,875,validation
14436,1104,validation
14447,378,validation
14450,378,validation
14454,378,validation
14458,378,validation
14466,378,validation
14469,378,validation
14471,378,validation
14481,1099,validation
14487,826,validation
14491,826,validation
14492,1099,validation
14497,826,validation
14498,1099,validation
14505,1099,validation
14510,1099,validation
14526,1035,validation
14568,929,validation
14570,441,validation
14588,441,validation
14665,832,validation
14708,832,validation
14716,832,validation
14718,1095,validation
14719,1095,validation
14721,818,validation
14722,1095,validation
14724,1095,validation
14725,1095,validation
14728,1095,validation
14730,1095,validation
14732,1095,validation
14734,1095,validation
14735,1095,validation
14737,1095,validation
14738,1095,validation
14741,1095,validation
14742,1095,validation
14744,1095,validation
14745,1095,validation
14747,1095,validation
14748,1095,validation
14749,1095,validation
14750,818,validation
14751,818,validation
14752,1095,validation
14755,1095,validation
14756,1095,validation
14827,929,validation
14834,929,validation
14835,929,validation
14840,929,validation
14841,1035,validation
14845,466,validation
14855,984,validation
14857,984,validation
14858,984,validation
14867,984,validation
14884,984,validation
14892,984,validation
14900,984,validation
14903,984,validation
14907,984,validation
14918,1010,validation
14920,1010,validation
14933,1010,validation
14939,878,validation
14948,878,validation
14952,1050,validation
14953,1010,validation
14954,1088,validation
14960,878,validation
14964,220,validation
14967,831,validation
14978,831,validation
14979,220,validation
14984,831,validation
14999,831,validation
15005,1076,validation
15021,1045,validation
15025,1200,validation
15039,1095,validation
15042,1095,validation
15045,1076,validation
15057,875,validation
15059,881,validation
15068,818,validation
15073,881,validation
15075,818,validation
15076,875,validation
15077,881,validation
15079,875,validation
15086,881,validation
15087,875,validation
15093,881,validation
15096,881,validation
15132,984,validation
15134,984,validation
15150,984,validation
15162,984,validation
15167,1104,validation
15169,984,validation
15172,1035,validation
15179,984,validation
15181,984,validation
15182,984,validation
15183,984,validation
15188,831,validation
15192,831,validation
15195,831,validation
15196,875,validation
15199,875,validation
15206,831,validation
15207,831,validation
15208,831,validation
15213,831,validation
15220,831,validation
15231,831,validation
15232,831,validation
15244,831,validation
15247,831,validation
15252,831,validation
15253,831,validation
15277,875,validation
15285,875,validation
15306,1036,validation
15314,875,validation
15325,1104,validation
15348,395,validation
15354,395,validation
15356,1088,validation
15359,395,validation
15360,395,validation
15362,1045,validation
15369,395,validation
15372,395,validation
15374,1088,validation
15377,1088,validation
15379,395,validation
15384,395,validation
15387,395,validation
15390,1076,validation
15398,1099,validation
15399,1099,validation
15400,1099,validation
15401,1099,validation
15402,1099,validation
15403,1099,validation
15404,1099,validation
15408,1104,validation
15409,1099,validation
15410,1099,validation
15411,1099,validation
15412,1099,validation
15414,1099,validation
15421,1099,validation
15425,1099,validation
15427,1099,validation
15429,1099,validation
15430,1099,validation
15431,1099,validation
15432,1099,validation
15453,85,validation
15454,1095,validation
15456,1095,validation
15460,503,validation
15463,1095,validation
15476,1099,validation
15479,193,validation
15484,193,validation
15486,1099,validation
15490,193,validation
15491,1099,validation
15492,193,validation
15493,193,validation
15499,1099,validation
15500,193,validation
15503,1099,validation
15504,1099,validation
15505,1099,validation
15506,1099,validation
15507,1099,validation
15508,1099,validation
15511,193,validation
15512,1099,validation
15513,1099,validation
15514,1099,validation
15515,193,validation
15517,1099,validation
15518,1099,validation
15519,1099,validation
15524,193,validation
15528,1099,validation
15543,579,validation
15556,579,validation
15596,579,validation
15597,579,validation
15607,818,validation
15608,818,validation
15618,818,validation
15619,953,validation
15839,815,validation
15840,815,validation
15846,815,validation
15847,815,validation
15850,815,validation
15857,815,validation
15860,815,validation
15862,815,validation
15863,815,validation
15864,815,validation
15872,984,validation
15873,984,validation
15882,984,validation
15885,984,validation
15891,831,validation
15900,1076,validation
15903,94,validation
15905,1076,validation
15916,1035,validation
15919,1035,validation
15920,1035,validation
15921,1035,validation
15923,1095,validation
15929,1035,validation
15937,1035,validation
15940,1035,validation
15941,1035,validation
15943,1035,validation
15944,1035,validation
15947,1035,validation
15950,1035,validation
15952,1035,validation
15953,1035,validation
15957,1035,validation
16069,967,validation
16088,967,validation
16095,967,validation
16106,763,validation
16125,763,validation
16142,1045,validation
16146,942,validation
16158,942,validation
16208,815,validation
16217,1079,validation
16237,1050,validation
16240,818,validation
16252,831,validation
16253,831,validation
16255,831,validation
16258,1076,validation
16260,831,validation
16261,831,validation
16269,831,validation
16270,344,validation
16276,1076,validation
16280,831,validation
16365,1076,validation
16370,1076,validation
16443,1050,validation
16445,1050,validation
16500,1095,validation
16548,826,validation
16619,984,validation
16630,930,validation
16640,930,validation
16656,1045,validation
16680,818,validation
16684,818,validation
16687,818,validation
16693,818,validation
16701,967,validation
16707,860,validation
16710,860,validation
16715,860,validation
16729,967,validation
16730,967,validation
16735,860,validation
16742,860,validation
16762,401,validation
16765,571,validation
16766,571,validation
16804,1104,validation
16806,831,validation
16807,831,validation
16811,831,validation
16814,1104,validation
16815,831,validation
16816,1104,validation
16822,831,validation
16826,831,validation
16827,1104,validation
16830,831,validation
16831,831,validation
16836,831,validation
16840,1104,validation
16841,1104,validation
16842,1104,validation
16846,831,validation
16851,831,validation
16852,1104,validation
16854,1104,validation
16857,831,validation
16858,1104,validation
16861,1104,validation
16863,1104,validation
16864,1104,validation
16865,1104,validation
16868,1104,validation
16869,831,validation
16875,1104,validation
16876,831,validation
16878,1104,validation
16879,1104,validation
16883,1104,validation
16884,1104,validation
16889,831,validation
16890,1104,validation
16895,1104,validation
16897,1104,validation
16898,1104,validation
16904,831,validation
16905,984,validation
16907,1095,validation
16908,984,validation
16913,984,validation
16916,984,validation
16922,984,validation
16926,1095,validation
16927,1095,validation
16930,984,validation
16935,984,validation
16937,984,validation
16938,984,validation
16943,984,validation
16944,1095,validation
16948,984,validation
16949,984,validation
16950,1095,validation
16952,1095,validation
16953,1183,validation
16954,984,validation
16955,1095,validation
16959,984,validation
16961,984,validation
16964,1095,validation
16966,984,validation
16967,984,validation
16969,984,validation
16971,984,validation
16972,984,validation
16974,984,validation
16976,984,validation
16978,984,validation
16981,984,validation
16983,984,validation
16984,881,validation
16985,984,validation
16994,1095,validation
16995,984,validation
16998,984,validation
17000,984,validation
17002,1095,validation
17053,226,validation
17055,821,validation
17059,821,validation
17062,130,validation
17066,821,validation
17072,821,validation
17076,821,validation
17082,226,validation
17088,831,validation
17089,831,validation
17091,226,validation
17149,447,validation
17169,1104,validation
17199,1104,validation
17205,831,validation
17236,831,validation
17239,1104,validation
17241,831,validation
17244,1104,validation
17245,1104,validation
17264,1095,validation
17267,1042,validation
17284,1095,validation
17286,1095,validation
17293,1095,validation
17294,1095,validation
17295,1042,validation
17300,1042,validation
17301,236,validation
17341,551,validation
17353,551,validation
17364,1042,validation
17367,860,validation
17369,860,validation
17374,860,validation
17382,1042,validation
17386,1042,validation
17391,860,validation
17402,1042,validation
17403,860,validation
17404,832,validation
17406,860,validation
17413,860,validation
17417,860,validation
17423,860,validation
17426,832,validation
17430,860,validation
17431,1042,validation
17433,832,validation
17434,1042,validation
17436,1042,validation
17437,1042,validation
17440,860,validation
17467,320,validation
17469,320,validation
17483,831,validation
17530,1085,validation
17543,831,validation
17556,29,validation
17587,860,validation
17610,1191,validation
17679,66,validation
17682,66,validation
17684,1095,validation
17686,1095,validation
17691,1095,validation
17694,1095,validation
17696,1095,validation
17697,1095,validation
17698,1095,validation
17700,1095,validation
17703,1095,validation
17718,1006,validation
17752,878,validation
17796,278,validation
17803,278,validation
17820,278,validation
17822,278,validation
17824,278,validation
17830,278,validation
17834,278,validation
17843,278,validation
17851,278,validation
17856,278,validation
17863,278,validation
17865,278,validation
17882,1104,validation
17887,1104,validation
17888,1104,validation
17893,1104,validation
17903,1104,validation
17907,1104,validation
17928,1104,validation
17929,1104,validation
17934,1104,validation
17935,1104,validation
17953,984,validation
17968,53,validation
17969,831,validation
17970,831,validation
17972,860,validation
17973,831,validation
17974,1036,validation
17977,831,validation
18014,76,validation
18052,1095,validation
18060,1095,validation
18061,1095,validation
18063,1095,validation
18064,1095,validation
18067,1095,validation
18080,1079,validation
18092,84,validation
18097,1079,validation
18107,1064,validation
18121,1036,validation
18125,1036,validation
18147,1079,validation
18166,33,validation
18167,1079,validation
18179,483,validation
18180,1076,validation
18182,1099,validation
18183,1076,validation
18184,815,validation
18186,1076,validation
18188,1099,validation
18190,1045,validation
18193,878,validation
18244,1076,validation
18247,1076,validation
18253,1095,validation
18254,231,validation
18260,860,validation
18261,860,validation
18269,1134,validation
18272,860,validation
18274,1134,validation
18283,1134,validation
18302,1134,validation
18306,860,validation
18354,1079,validation
18466,222,validation
18495,1050,validation
18499,984,validation
18513,1095,validation
18514,1095,validation
18515,1095,validation
18525,1095,validation
18552,1095,validation
18558,1095,validation
18562,1095,validation
18565,1095,validation
18567,1034,validation
18569,1034,validation
18580,1034,validation
18584,1034,validation
18609,1095,validation
18612,826,validation
18646,826,validation
18672,1079,validation
18676,1104,validation
18732,826,validation
18774,755,validation
18790,755,validation
18797,550,validation
18803,550,validation
18831,1095,validation
18878,1147,validation
18907,878,validation
18921,1147,validation
18931,878,validation
18932,1104,validation
18953,1085,validation
18985,1085,validation
19023,326,validation
19026,326,validation
19029,1079,validation
19030,748,validation
19033,1095,validation
19041,326,validation
19044,878,validation
19045,967,validation
19050,878,validation
19069,818,validation
19071,967,validation
19076,878,validation
19115,1088,validation
19122,1088,validation
19136,1104,validation
19162,1104,validation
19183,1149,validation
19195,1149,validation
19203,1149,validation
19217,832,validation
19228,443,validation
19275,818,validation
19281,818,validation
19283,818,validation
19285,818,validation
19368,556,validation
19385,831,validation
19390,931,validation
19395,929,validation
19398,942,validation
19400,1095,validation
19452,1076,validation
19474,735,validation
19480,982,validation
19487,1076,validation
19496,930,validation
19502,383,validation
19503,875,validation
19504,875,validation
19506,992,validation
19508,383,validation
19510,875,validation
19512,875,validation
19520,875,validation
19521,383,validation
19526,875,validation
19535,875,validation
19536,383,validation
19537,383,validation
19540,780,validation
19542,780,validation
19544,1198,validation
19564,1198,validation
19568,780,validation
19600,479,validation
19604,479,validation
19605,479,validation
19613,479,validation
19617,479,validation
19621,479,validation
19630,479,validation
19631,479,validation
19640,479,validation
19642,479,validation
19646,831,validation
19654,831,validation
19665,1104,validation
19672,1104,validation
19710,831,validation
19721,1104,validation
19737,269,validation
19757,1095,validation
19761,388,validation
19769,818,validation
19771,818,validation
19789,1095,validation
19791,1095,validation
19815,875,validation
19818,875,validation
19820,875,validation
19821,875,validation
19823,875,validation
19827,875,validation
19828,875,validation
19831,875,validation
19834,875,validation
19836,875,validation
19837,875,validation
19839,875,validation
19840,881,validation
19841,875,validation
19842,881,validation
19844,856,validation
19848,875,validation
19851,875,validation
19852,875,validation
19854,875,validation
19856,875,validation
19858,875,validation
19859,881,validation
19860,881,validation
19861,881,validation
19862,881,validation
19864,881,validation
19866,875,validation
19872,875,validation
19873,875,validation
19945,514,validation
19951,514,validation
19958,514,validation
19961,514,validation
19964,514,validation
19965,514,validation
19994,514,validation
20003,514,validation
20009,893,validation
20012,1088,validation
20015,1088,validation
20017,893,validation
20021,893,validation
20025,893,validation
20068,992,validation
20084,967,validation
20091,1079,validation
20094,967,validation
20098,1079,validation
20134,1088,validation
20138,818,validation
20160,1088,validation
20185,881,validation
20186,881,validation
20188,881,validation
20190,881,validation
20195,881,validation
20205,881,validation
20209,685,validation
20210,881,validation
20212,881,validation
20214,881,validation
20216,881,validation
20227,881,validation
20229,881,validation
20231,881,validation
20232,881,validation
20236,831,validation
20247,831,validation
20253,831,validation
20257,831,validation
20268,831,validation
20279,1035,validation
20280,1095,validation
20282,1035,validation
20287,1095,validation
20289,1035,validation
20292,1095,validation
20293,1035,validation
20296,1035,validation
20298,1095,validation
20300,1035,validation
20301,1035,validation
20303,1035,validation
20304,1035,validation
20305,1035,validation
20306,1035,validation
20307,1035,validation
20308,1035,validation
20309,1035,validation
20333,372,validation
20365,1079,validation
20367,818,validation
20389,818,validation
20390,818,validation
20398,1095,validation
20400,1095,validation
20401,1095,validation
20402,1095,validation
20404,1095,validation
20405,1095,validation
20406,1095,validation
20411,1095,validation
20418,1095,validation
20420,1095,validation
20423,1095,validation
20424,1095,validation
20425,1095,validation
20426,1095,validation
20430,1095,validation
20433,1095,validation
20435,1095,validation
20440,1095,validation
20442,1095,validation
20450,1095,validation
20453,1095,validation
20461,1095,validation
20463,1095,validation
20464,1095,validation
20470,1095,validation
20471,1095,validation
20472,1095,validation
20479,860,validation
20481,860,validation
20486,860,validation
20501,860,validation
20518,860,validation
20521,860,validation
20557,756,validation
20575,106,validation
20589,984,validation
20591,1100,validation
20592,1100,validation
20593,1100,validation
20598,860,validation
20601,860,validation
20606,860,validation
20619,860,validation
20621,860,validation
20622,860,validation
20626,860,validation
20628,860,validation
20635,984,validation
20641,893,validation
20644,984,validation
20645,984,validation
20646,984,validation
20653,984,validation
20654,984,validation
20655,984,validation
20680,699,validation
20707,369,validation
20720,1100,validation
20739,1100,validation
20750,1100,validation
20759,1100,validation
20760,1104,validation
20765,1100,validation
20782,166,validation
20792,1079,validation
20814,166,validation
20816,166,validation
20855,166,validation
20857,1099,validation
20865,166,validation
20870,166,validation
20874,1079,validation
20882,166,validation
20885,1099,validation
20892,1079,validation
20933,875,validation
20937,860,validation
20939,860,validation
20945,860,validation
20948,860,validation
20950,860,validation
20951,860,validation
20954,469,validation
20955,860,validation
21117,831,validation
21128,831,validation
21189,289,validation
21191,289,validation
21205,120,validation
21300,931,validation
21302,239,validation
21307,1095,validation
21318,1095,validation
21325,1095,validation
21328,1095,validation
21333,815,validation
21342,1095,validation
21346,1095,validation
21347,1095,validation
21353,815,validation
21360,815,validation
21375,1095,validation
21376,239,validation
21378,1095,validation
21381,815,validation
21386,1095,validation
21392,815,validation
21398,1095,validation
21400,1095,validation
21401,884,validation
21402,884,validation
21412,884,validation
21414,884,validation
21415,610,validation
21469,815,validation
21603,875,validation
21611,875,validation
21633,875,validation
21643,875,validation
21646,875,validation
21738,600,validation
21743,1076,validation
21796,967,validation
21800,831,validation
21802,831,validation
21805,942,validation
21806,942,validation
21807,942,validation
21823,931,validation
21827,931,validation
21836,962,validation
21841,1104,validation
21848,826,validation
21849,1104,validation
21850,826,validation
21854,1104,validation
21863,826,validation
21864,1104,validation
21866,1104,validation
21868,1104,validation
21869,1104,validation
21870,826,validation
21876,1104,validation
21892,1100,validation
21893,832,validation
21901,832,validation
21925,832,validation
21941,1100,validation
21943,832,validation
21954,832,validation
21956,567,validation
21958,567,validation
21980,567,validation
21987,860,validation
21994,860,validation
22002,860,validation
22003,860,validation
22004,860,validation
22012,860,validation
22023,860,validation
22026,860,validation
22034,860,validation
22035,860,validation
22038,860,validation
22040,860,validation
22049,860,validation
22078,984,validation
22092,984,validation
22097,169,validation
22103,169,validation
22104,169,validation
22106,169,validation
22110,169,validation
22111,169,validation
22112,169,validation
22113,169,validation
22114,1035,validation
22116,169,validation
22119,169,validation
22120,169,validation
22121,1035,validation
22122,992,validation
22123,169,validation
22126,169,validation
22128,169,validation
22131,169,validation
22133,169,validation
22136,169,validation
22137,1035,validation
22138,992,validation
22139,992,validation
22141,832,validation
22142,169,validation
22143,169,validation
22145,169,validation
22146,169,validation
22147,169,validation
22149,169,validation
22150,169,validation
22152,169,validation
22158,169,validation
22159,169,validation
22162,169,validation
22165,992,validation
22166,169,validation
22168,169,validation
22169,169,validation
22170,169,validation
22173,1076,validation
22174,1088,validation
22176,1123,validation
22181,1123,validation
22182,1088,validation
22183,1123,validation
22186,1123,validation
22207,527,validation
22217,717,validation
22218,970,validation
22224,717,validation
22225,717,validation
22233,717,validation
22234,717,validation
22237,1095,validation
22241,717,validation
22262,1104,validation
22269,1104,validation
22274,451,validation
22277,451,validation
22279,451,validation
22285,1104,validation
22295,451,validation
22304,1104,validation
22307,1104,validation
22315,1104,validation
22316,1104,validation
22319,32,validation
22324,1104,validation
22327,878,validation
22431,291,validation
22433,291,validation
22451,694,validation
22470,658,validation
22486,1042,validation
22487,826,validation
22488,826,validation
22489,1042,validation
22490,1155,validation
22491,1042,validation
22514,1099,validation
22572,224,validation
22573,1088,validation
22574,1085,validation
22582,1036,validation
22584,1085,validation
22587,884,validation
22593,884,validation
22594,884,validation
22668,881,validation
22669,881,validation
22672,310,validation
22675,881,validation
22678,881,validation
22747,1088,validation
22751,1088,validation
22755,1088,validation
22760,1088,validation
22762,1088,validation
22770,335,validation
22771,335,validation
22786,335,validation
22790,335,validation
22796,1076,validation
22799,942,validation
22809,942,validation
22820,942,validation
22825,942,validation
22832,942,validation
22833,942,validation
22848,1095,validation
22876,1076,validation
22889,1095,validation
22896,1076,validation
22909,1076,validation
22911,1076,validation
22912,637,validation
22917,1076,validation
22957,1095,validation
22977,931,validation
23010,1125,validation
23014,1125,validation
23024,1035,validation
23037,1035,validation
23043,60,validation
23057,1035,validation
23063,942,validation
23068,942,validation
23083,942,validation
23087,942,validation
23094,942,validation
23096,942,validation
23098,942,validation
23105,860,validation
23124,1079,validation
23125,1079,validation
23129,1079,validation
23130,1079,validation
23132,1079,validation
23133,1079,validation
23135,1079,validation
23137,1079,validation
23138,1079,validation
23143,1079,validation
23145,1079,validation
23146,1079,validation
23160,400,validation
23174,400,validation
23180,860,validation
23187,507,validation
23191,860,validation
23230,1035,validation
23242,1036,validation
23243,1035,validation
23254,1035,validation
23270,1035,validation
23280,1035,validation
23302,1035,validation
23310,1035,validation
23315,1035,validation
23324,884,validation
23341,884,validation
23383,884,validation
23391,884,validation
23405,931,validation
23432,1104,validation
23433,1104,validation
23436,1104,validation
23437,1104,validation
23440,1104,validation
23441,1104,validation
23442,1104,validation
23447,1104,validation
23448,1104,validation
23451,1104,validation
23453,1104,validation
23455,1104,validation
23456,1104,validation
23464,1104,validation
23466,1104,validation
23467,1104,validation
23473,1104,validation
23474,1104,validation
23475,1104,validation
23478,1104,validation
23481,1104,validation
23483,1104,validation
23485,1104,validation
0,767,test
1,1080,test
4,847,test
5,1080,test
6,858,test
7,858,test
13,767,test
17,853,test
20,847,test
21,1080,test
24,847,test
26,949,test
28,684,test
29,4,test
33,949,test
37,949,test
38,684,test
43,89,test
47,823,test
72,850,test
74,1081,test
77,850,test
78,836,test
79,1081,test
80,1072,test
86,850,test
87,1081,test
89,836,test
91,850,test
94,850,test
105,836,test
106,836,test
107,836,test
108,836,test
109,1081,test
111,1081,test
112,836,test
113,1081,test
116,1072,test
118,850,test
119,836,test
122,1196,test
123,836,test
125,1072,test
131,1081,test
137,836,test
147,1011,test
166,1020,test
167,895,test
173,868,test
174,1020,test
176,895,test
177,895,test
179,895,test
180,895,test
181,1020,test
182,895,test
183,1020,test
184,895,test
185,895,test
186,1020,test
189,1020,test
190,895,test
191,895,test
193,1020,test
195,895,test
197,1020,test
198,895,test
199,1020,test
200,895,test
202,895,test
203,895,test
205,1020,test
207,1020,test
208,895,test
210,895,test
211,1020,test
214,1020,test
216,305,test
220,895,test
221,1020,test
222,895,test
224,1025,test
225,1025,test
270,868,test
275,1182,test
276,868,test
277,868,test
278,868,test
282,868,test
284,868,test
286,868,test
292,1024,test
296,1024,test
302,895,test
310,836,test
311,1089,test
313,836,test
314,836,test
315,836,test
316,836,test
318,936,test
319,895,test
320,836,test
326,836,test
327,836,test
329,836,test
335,895,test
336,895,test
337,1080,test
346,895,test
349,836,test
353,936,test
355,936,test
359,836,test
360,936,test
361,895,test
362,836,test
363,580,test
364,895,test
368,836,test
369,895,test
370,836,test
371,895,test
372,895,test
373,895,test
374,836,test
379,1089,test
380,1089,test
384,936,test
387,936,test
391,936,test
393,1081,test
395,936,test
401,1089,test
407,936,test
409,936,test
419,1080,test
422,964,test
423,1089,test
427,964,test
428,1089,test
436,149,test
437,964,test
439,964,test
445,964,test
446,1089,test
453,964,test
456,149,test
461,850,test
462,850,test
463,724,test
466,850,test
468,850,test
472,850,test
481,850,test
482,1081,test
484,850,test
487,850,test
488,850,test
494,1081,test
496,850,test
498,850,test
500,850,test
501,850,test
503,948,test
504,850,test
507,850,test
510,850,test
511,948,test
513,850,test
514,1081,test
516,1081,test
517,850,test
518,850,test
521,850,test
526,850,test
531,850,test
534,850,test
535,1081,test
537,850,test
538,850,test
549,850,test
553,850,test
566,1037,test
570,1037,test
572,1037,test
589,823,test
596,1037,test
603,1037,test
605,1072,test
608,1037,test
622,117,test
623,117,test
656,943,test
665,117,test
679,117,test
685,745,test
687,937,test
689,937,test
690,937,test
698,937,test
701,937,test
705,937,test
710,745,test
711,937,test
715,937,test
717,937,test
718,937,test
720,937,test
736,937,test
740,937,test
744,937,test
745,937,test
750,937,test
751,937,test
760,937,test
762,937,test
763,937,test
765,745,test
766,745,test
768,937,test
769,937,test
772,745,test
777,895,test
778,895,test
779,895,test
780,1072,test
781,895,test
783,895,test
784,850,test
786,895,test
788,850,test
789,850,test
790,895,test
791,1072,test
799,1072,test
800,895,test
801,850,test
803,895,test
804,895,test
806,895,test
812,1089,test
813,895,test
815,895,test
820,969,test
826,895,test
827,895,test
829,895,test
830,895,test
831,1089,test
833,895,test
834,868,test
835,895,test
839,1089,test
841,895,test
855,895,test
857,594,test
858,895,test
861,1089,test
865,895,test
867,895,test
873,823,test
875,1081,test
877,1081,test
878,936,test
880,1081,test
889,1081,test
894,952,test
895,952,test
898,952,test
901,1025,test
906,1015,test
910,952,test
911,1025,test
925,1080,test
928,952,test
929,952,test
932,1015,test
938,936,test
939,1033,test
940,936,test
949,936,test
952,1033,test
955,936,test
957,936,test
958,936,test
960,1022,test
961,949,test
963,1033,test
966,936,test
968,936,test
969,868,test
971,936,test
973,1033,test
977,936,test
981,936,test
983,936,test
987,1033,test
988,936,test
989,936,test
990,936,test
991,1033,test
994,936,test
996,936,test
997,936,test
999,936,test
1001,1033,test
1002,1033,test
1003,936,test
1005,936,test
1006,936,test
1009,936,test
1010,936,test
1013,936,test
1014,936,test
1016,936,test
1018,936,test
1019,936,test
1020,936,test
1021,868,test
1023,936,test
1024,949,test
1026,936,test
1029,949,test
1031,949,test
1033,949,test
1041,949,test
1042,949,test
1045,949,test
1049,949,test
1050,949,test
1051,949,test
1053,949,test
1059,949,test
1062,949,test
1063,949,test
1064,949,test
1079,895,test
1081,895,test
1085,868,test
1091,868,test
1093,868,test
1097,895,test
1112,1020,test
1114,1020,test
1119,1089,test
1120,1089,test
1123,1089,test
1131,927,test
1132,1089,test
1139,1020,test
1140,1089,test
1142,1089,test
1154,59,test
1162,59,test
1176,1072,test
1181,1072,test
1190,1072,test
1202,1072,test
1203,1022,test
1207,1072,test
1212,868,test
1218,850,test
1219,850,test
1220,850,test
1221,850,test
1222,940,test
1223,868,test
1226,868,test
1228,850,test
1229,850,test
1232,850,test
1234,850,test
1237,850,test
1238,850,test
1239,850,test
1241,850,test
1245,850,test
1246,850,test
1247,850,test
1248,850,test
1250,850,test
1251,940,test
1252,850,test
1253,850,test
1254,850,test
1256,868,test
1257,850,test
1258,850,test
1260,850,test
1264,850,test
1268,850,test
1269,850,test
1270,850,test
1271,850,test
1272,850,test
1273,850,test
1275,850,test
1276,850,test
1277,850,test
1278,850,test
1279,850,test
1280,940,test
1282,868,test
1283,850,test
1288,850,test
1289,850,test
1291,850,test
1293,850,test
1299,868,test
1300,850,test
1304,850,test
1306,850,test
1307,940,test
1309,868,test
1311,940,test
1312,850,test
1316,836,test
1317,836,test
1318,836,test
1319,836,test
1321,836,test
1324,836,test
1327,1080,test
1329,836,test
1330,836,test
1331,836,test
1332,836,test
1333,836,test
1334,836,test
1336,836,test
1338,867,test
1339,1022,test
1345,850,test
1349,867,test
1354,1022,test
1356,850,test
1357,895,test
1358,850,test
1359,895,test
1363,850,test
1372,867,test
1373,850,test
1374,867,test
1375,867,test
1376,850,test
1377,867,test
1379,850,test
1380,867,test
1384,867,test
1387,1081,test
1392,936,test
1394,1081,test
1395,867,test
1396,1081,test
1400,1022,test
1401,850,test
1404,1074,test
1406,1025,test
1409,837,test
1410,1081,test
1411,837,test
1413,1025,test
1416,1081,test
1418,1081,test
1419,837,test
1422,1081,test
1423,1081,test
1424,1081,test
1427,1081,test
1429,1025,test
1431,1081,test
1437,1081,test
1438,1081,test
1439,1081,test
1441,1081,test
1442,1025,test
1448,1081,test
1450,1072,test
1453,952,test
1458,952,test
1466,952,test
1469,952,test
1470,1072,test
1479,936,test
1481,936,test
1482,1022,test
1486,949,test
1490,936,test
1491,936,test
1495,949,test
1498,949,test
1503,1080,test
1504,927,test
1507,1020,test
1509,1020,test
1511,1080,test
1512,912,test
1514,850,test
1515,1080,test
1516,1080,test
1518,1020,test
1519,850,test
1523,850,test
1526,927,test
1527,927,test
1528,927,test
1529,1020,test
1530,1020,test
1531,927,test
1533,1080,test
1542,1020,test
1546,850,test
1547,1020,test
1549,1020,test
1550,850,test
1551,1080,test
1554,850,test
1555,1022,test
1565,927,test
1574,1080,test
1577,927,test
1579,1072,test
1650,867,test
1656,1020,test
1657,867,test
1659,867,test
1664,1020,test
1667,867,test
1668,1020,test
1673,867,test
1677,1020,test
1679,964,test
1713,964,test
1718,964,test
1722,895,test
1729,964,test
1736,1081,test
1743,1025,test
1747,34,test
1750,1081,test
1762,867,test
1769,867,test
1770,867,test
1771,867,test
1775,867,test
1780,867,test
1781,867,test
1786,867,test
1787,867,test
1793,867,test
1797,867,test
1802,867,test
1805,867,test
1806,867,test
1809,867,test
1812,868,test
1815,1080,test
1816,1080,test
1824,868,test
1826,1080,test
1828,1080,test
1829,1080,test
1832,1080,test
1839,868,test
1842,868,test
1844,1080,test
1848,1080,test
1849,1080,test
1850,1080,test
1851,868,test
1853,1080,test
1855,1080,test
1866,1080,test
1867,1080,test
1870,1080,test
1874,1080,test
1877,1080,test
1882,371,test
1891,1081,test
1906,1081,test
1930,1081,test
1938,1197,test
1951,1197,test
1955,1197,test
1957,793,test
1985,1116,test
1987,1022,test
1994,1097,test
1995,867,test
1996,927,test
1997,1022,test
2003,1022,test
2006,1080,test
2015,867,test
2017,927,test
2020,1022,test
2022,867,test
2034,1072,test
2036,1072,test
2038,1072,test
2040,1072,test
2042,1072,test
2047,1072,test
2051,1072,test
2052,850,test
2053,1072,test
2056,1072,test
2059,1072,test
2066,1072,test
2067,850,test
2070,850,test
2072,1072,test
2074,1072,test
2075,1072,test
2078,1072,test
2079,1072,test
2080,850,test
2082,912,test
2086,1072,test
2088,912,test
2090,1072,test
2095,1072,test
2096,850,test
2097,1072,test
2115,912,test
2118,1072,test
2120,850,test
2121,850,test
2122,912,test
2123,1072,test
2125,850,test
2127,1072,test
2134,1072,test
2137,1072,test
2138,850,test
2140,1072,test
2141,1072,test
2143,1089,test
2151,867,test
2152,940,test
2164,867,test
2165,940,test
2168,867,test
2172,867,test
2175,1072,test
2176,867,test
2187,867,test
2192,867,test
2194,940,test
2197,940,test
2200,940,test
2204,940,test
2209,867,test
2217,867,test
2223,867,test
2227,867,test
2230,1089,test
2231,940,test
2234,949,test
2236,867,test
2244,1089,test
2245,940,test
2253,1011,test
2254,1072,test
2259,1011,test
2261,1072,test
2265,1072,test
2272,1173,test
2277,1072,test
2278,1173,test
2279,1072,test
2282,1072,test
2285,1072,test
2286,943,test
2287,1072,test
2295,1022,test
2299,1022,test
2329,1022,test
2330,964,test
2333,964,test
2336,964,test
2337,964,test
2345,964,test
2354,964,test
2357,964,test
2367,1025,test
2375,176,test
2385,176,test
2406,176,test
2414,969,test
2416,176,test
2421,176,test
2432,1116,test
2435,1116,test
2438,895,test
2439,895,test
2443,895,test
2450,895,test
2453,895,test
2459,1116,test
2461,1116,test
2469,895,test
2470,895,test
2474,895,test
2476,895,test
2480,895,test
2485,1081,test
2509,1081,test
2534,1025,test
2535,850,test
2536,850,test
2537,850,test
2539,850,test
2540,850,test
2541,850,test
2542,944,test
2544,850,test
2545,850,test
2549,850,test
2554,944,test
2558,850,test
2559,850,test
2565,850,test
2580,1089,test
2582,1089,test
2593,1089,test
2597,851,test
2598,851,test
2605,1089,test
2611,834,test
2625,1080,test
2629,1081,test
2666,1033,test
2681,1033,test
2716,1022,test
2745,1022,test
2748,868,test
2751,868,test
2761,1080,test
2764,1080,test
2767,868,test
2769,868,test
2770,868,test
2771,868,test
2772,1081,test
2773,868,test
2775,827,test
2776,868,test
2777,868,test
2779,868,test
2781,868,test
2782,868,test
2784,868,test
2785,868,test
2787,868,test
2788,868,test
2789,868,test
2794,868,test
2795,868,test
2799,1081,test
2800,868,test
2801,868,test
2802,868,test
2803,868,test
2806,827,test
2808,868,test
2809,868,test
2811,868,test
2813,868,test
2815,868,test
2818,486,test
2820,949,test
2823,949,test
2832,949,test
2834,1004,test
2836,486,test
2839,949,test
2840,1020,test
2841,949,test
2858,573,test
2865,573,test
2866,895,test
2870,895,test
2873,1072,test
2874,573,test
2876,573,test
2877,895,test
2895,895,test
2899,890,test
2903,573,test
2905,895,test
2906,895,test
2911,573,test
2915,573,test
2927,573,test
2928,890,test
2931,573,test
2937,895,test
2942,573,test
2956,1097,test
2969,890,test
2980,1097,test
2996,1080,test
3000,868,test
3018,1080,test
3047,1020,test
3048,1024,test
3052,895,test
3054,1020,test
3056,1080,test
3063,895,test
3064,1080,test
3065,1020,test
3070,895,test
3071,1080,test
3072,1020,test
3078,895,test
3082,1020,test
3086,895,test
3091,1020,test
3092,895,test
3093,895,test
3094,895,test
3097,895,test
3099,895,test
3103,1020,test
3104,1020,test
3120,1022,test
3146,506,test
3155,506,test
3168,1022,test
3190,506,test
3191,506,test
3203,506,test
3223,1033,test
3224,1033,test
3225,380,test
3226,1011,test
3229,1033,test
3237,380,test
3238,380,test
3242,937,test
3249,380,test
3253,380,test
3254,1033,test
3258,1033,test
3263,1011,test
3264,1011,test
3265,1033,test
3266,1033,test
3271,1033,test
3274,1033,test
3275,380,test
3277,1033,test
3278,1033,test
3279,1011,test
3286,949,test
3316,949,test
3337,949,test
3340,836,test
3342,836,test
3348,836,test
3349,836,test
3354,836,test
3357,836,test
3359,836,test
3371,836,test
3374,836,test
3382,836,test
3384,836,test
3391,836,test
3392,836,test
3396,867,test
3398,836,test
3400,836,test
3402,867,test
3404,836,test
3408,867,test
3412,867,test
3413,836,test
3434,853,test
3480,1156,test
3516,1080,test
3524,1080,test
3535,895,test
3541,895,test
3550,895,test
3564,895,test
3573,895,test
3578,895,test
3634,1033,test
3655,912,test
3656,912,test
3663,1025,test
3666,936,test
3674,936,test
3678,1025,test
3685,936,test
3693,1025,test
3694,936,test
3697,1025,test
3700,936,test
3702,1081,test
3703,308,test
3704,1080,test
3706,936,test
3712,1080,test
3714,1080,test
3721,1080,test
3722,1081,test
3723,1081,test
3724,1022,test
3725,1080,test
3729,1080,test
3730,1080,test
3732,1080,test
3733,1080,test
3736,936,test
3738,1081,test
3743,1080,test
3745,1080,test
3747,1080,test
3748,936,test
3753,1080,test
3754,936,test
3771,1025,test
3773,1025,test
3774,1025,test
3780,850,test
3788,868,test
3796,850,test
3842,1072,test
3843,1081,test
3845,1081,test
3847,1081,test
3850,1081,test
3851,867,test
3855,1081,test
3857,1081,test
3859,1081,test
3861,1081,test
3863,1081,test
3868,1081,test
3869,1081,test
3870,1081,test
3871,867,test
3874,1081,test
3875,1081,test
3876,867,test
3878,1081,test
3879,1081,test
3882,867,test
3883,1081,test
3889,1081,test
3890,1081,test
3891,1081,test
3893,1081,test
3895,1081,test
3898,1081,test
3904,1081,test
3907,1081,test
3921,1081,test
3922,1033,test
3923,1081,test
3925,1081,test
3926,1081,test
3929,1081,test
3930,1081,test
3932,1081,test
3934,1081,test
3935,1081,test
3936,1081,test
3938,1081,test
3943,1033,test
3944,943,test
3946,1081,test
3949,1081,test
3951,1081,test
3955,1033,test
3956,448,test
3970,895,test
3981,895,test
3985,895,test
3990,895,test
3993,895,test
3996,895,test
4003,895,test
4010,895,test
4011,895,test
4023,895,test
4028,895,test
4036,895,test
4050,895,test
4053,895,test
4064,895,test
4076,895,test
4081,895,test
4083,895,test
4092,319,test
4094,855,test
4101,855,test
4109,940,test
4114,940,test
4123,855,test
4126,940,test
4157,56,test
4168,964,test
4172,413,test
4178,964,test
4186,964,test
4188,203,test
4191,1025,test
4194,1025,test
4197,867,test
4200,1025,test
4201,1025,test
4202,964,test
4203,964,test
4211,964,test
4214,964,test
4220,1024,test
4221,940,test
4224,1024,test
4227,1081,test
4230,1081,test
4234,940,test
4235,1081,test
4236,1081,test
4240,1081,test
4243,1081,test
4245,837,test
4248,1081,test
4249,1081,test
4250,1081,test
4251,1024,test
4255,1081,test
4257,1081,test
4262,837,test
4263,940,test
4264,940,test
4267,1081,test
4268,1081,test
4270,1024,test
4272,1081,test
4273,1081,test
4276,837,test
4282,1081,test
4291,1081,test
4292,1081,test
4296,1081,test
4299,1081,test
4301,1081,test
4307,1081,test
4313,1081,test
4314,1081,test
4320,1081,test
4322,1081,test
4330,1081,test
4338,1081,test
4342,1081,test
4343,1081,test
4348,1081,test
4349,1081,test
4351,1081,test
4353,1081,test
4371,1081,test
4375,1081,test
4377,1081,test
4378,1081,test
4383,1081,test
4386,1081,test
4387,1081,test
4390,1081,test
4392,1081,test
4395,1081,test
4407,1081,test
4410,1081,test
4414,1081,test
4417,1081,test
4423,1081,test
4424,1081,test
4427,1081,test
4428,834,test
4433,1081,test
4434,689,test
4439,1081,test
4440,1081,test
4443,868,test
4444,868,test
4446,868,test
4448,868,test
4453,868,test
4454,868,test
4456,850,test
4457,868,test
4463,868,test
4467,868,test
4469,868,test
4470,868,test
4472,868,test
4485,850,test
4489,912,test
4504,937,test
4601,570,test
4650,871,test
4651,871,test
4652,871,test
4656,1081,test
4660,871,test
4667,871,test
4669,871,test
4674,871,test
4676,871,test
4677,871,test
4678,871,test
4679,871,test
4681,871,test
4682,1072,test
4685,871,test
4686,836,test
4687,836,test
4690,836,test
4691,836,test
4693,836,test
4694,836,test
4695,1081,test
4697,836,test
4698,1081,test
4699,836,test
4700,836,test
4701,1072,test
4702,836,test
4703,836,test
4704,836,test
4706,836,test
4707,836,test
4708,836,test
4709,836,test
4710,836,test
4712,836,test
4713,836,test
4715,836,test
4716,836,test
4719,1080,test
4722,1080,test
4725,1080,test
4726,1080,test
4729,1080,test
4730,1080,test
4733,1080,test
4734,1080,test
4735,273,test
4736,1080,test
4737,1080,test
4738,1080,test
4742,1080,test
4743,1080,test
4745,1080,test
4746,1080,test
4747,1080,test
4748,1080,test
4749,1080,test
4750,1080,test
4751,1080,test
4752,1080,test
4755,1080,test
4756,1080,test
4759,1080,test
4762,1080,test
4763,1080,test
4766,1080,test
4767,1080,test
4768,1080,test
4769,1080,test
4771,1080,test
4773,1080,test
4775,1080,test
4776,1080,test
4778,940,test
4779,1024,test
4785,940,test
4787,940,test
4796,940,test
4798,940,test
4808,1024,test
4810,1024,test
4813,1024,test
4827,940,test
4829,940,test
4834,940,test
4840,1024,test
4841,940,test
4849,1024,test
4867,834,test
4868,823,test
4869,834,test
4870,834,test
4872,823,test
4873,823,test
4874,834,test
4876,823,test
4877,823,test
4884,834,test
4885,834,test
4886,823,test
4889,834,test
4890,834,test
4892,834,test
4893,823,test
4894,823,test
4898,823,test
4900,823,test
4901,823,test
4902,834,test
4904,834,test
4905,834,test
4914,834,test
4915,823,test
4921,823,test
4923,834,test
4924,834,test
4927,823,test
4929,1022,test
4930,823,test
4931,834,test
4932,834,test
4934,823,test
4935,823,test
4936,912,test
4937,940,test
4940,927,test
4941,927,test
4944,927,test
4946,927,test
4947,927,test
4948,1081,test
4956,927,test
4958,964,test
4959,927,test
4961,927,test
4962,927,test
4963,912,test
4965,964,test
4967,927,test
4970,940,test
4975,927,test
4976,927,test
4977,940,test
4982,940,test
4984,927,test
4986,1081,test
4988,927,test
4994,868,test
4997,868,test
4999,1025,test
5000,836,test
5004,1025,test
5007,836,test
5008,868,test
5012,836,test
5071,868,test
5109,823,test
5117,1072,test
5121,823,test
5133,1072,test
5139,823,test
5178,927,test
5179,1022,test
5181,927,test
5183,927,test
5184,927,test
5187,927,test
5189,927,test
5190,927,test
5191,927,test
5200,927,test
5202,927,test
5208,1033,test
5212,1033,test
5213,1033,test
5216,1033,test
5217,1033,test
5219,1033,test
5222,1033,test
5224,1033,test
5226,1033,test
5227,1033,test
5229,1033,test
5231,1033,test
5232,871,test
5233,871,test
5235,871,test
5238,1033,test
5241,871,test
5243,1033,test
5244,871,test
5247,871,test
5250,1033,test
5251,871,test
5252,871,test
5256,871,test
5259,1033,test
5260,871,test
5261,1033,test
5264,1033,test
5266,1033,test
5268,867,test
5269,895,test
5271,895,test
5273,895,test
5275,1020,test
5276,895,test
5280,895,test
5283,944,test
5285,895,test
5286,895,test
5287,867,test
5288,895,test
5289,867,test
5290,783,test
5291,1020,test
5292,1020,test
5293,867,test
5294,1020,test
5295,867,test
5297,1020,test
5298,895,test
5299,867,test
5300,867,test
5302,1020,test
5304,895,test
5309,895,test
5310,867,test
5312,895,test
5313,895,test
5314,1020,test
5315,895,test
5316,1020,test
5317,1020,test
5318,895,test
5319,867,test
5322,1011,test
5323,895,test
5324,895,test
5325,895,test
5327,1020,test
5328,895,test
5329,895,test
5330,1011,test
5331,1020,test
5332,895,test
5334,272,test
5444,895,test
5484,823,test
5488,1072,test
5489,1072,test
5497,1072,test
5503,1072,test
5504,1072,test
5506,1072,test
5508,1072,test
5509,1080,test
5515,1081,test
5516,867,test
5517,867,test
5519,1080,test
5526,937,test
5531,867,test
5534,1081,test
5535,1080,test
5538,871,test
5543,730,test
5545,867,test
5553,1081,test
5555,937,test
5556,1081,test
5560,1081,test
5564,1081,test
5568,1081,test
5572,1080,test
5575,1081,test
5580,1080,test
5581,937,test
5582,1081,test
5583,1081,test
5585,1081,test
5587,1080,test
5596,1080,test
5600,867,test
5601,1080,test
5602,1080,test
5607,937,test
5615,1089,test
5616,1081,test
5619,1081,test
5622,940,test
5625,940,test
5628,940,test
5629,1089,test
5639,944,test
5648,1020,test
5686,1020,test
5687,1020,test
5695,1020,test
5699,1020,test
5706,1097,test
5709,1081,test
5730,1097,test
5731,868,test
5734,1097,test
5741,1081,test
5748,868,test
5757,1081,test
5765,1081,test
5771,1081,test
5773,868,test
5775,1081,test
5789,1025,test
5792,823,test
5805,1025,test
5812,1025,test
5819,1033,test
5820,1033,test
5821,1033,test
5822,1033,test
5823,1033,test
5824,1033,test
5826,1033,test
5827,1025,test
5828,895,test
5829,1033,test
5830,1025,test
5831,1033,test
5833,1033,test
5834,916,test
5835,916,test
5836,1025,test
5837,1033,test
5839,1033,test
5842,1025,test
5844,1025,test
5845,1025,test
5848,1033,test
5849,1025,test
5850,916,test
5851,1025,test
5853,1033,test
5854,1033,test
5855,1033,test
5857,1033,test
5858,1033,test
5859,1033,test
5860,1033,test
5861,916,test
5863,1033,test
5864,1033,test
5865,1033,test
5866,1033,test
5869,1033,test
5885,867,test
5888,867,test
5891,867,test
5893,1033,test
5898,867,test
5907,867,test
5910,867,test
5913,1025,test
5918,867,test
5923,867,test
5924,1033,test
5935,1004,test
5940,895,test
5943,850,test
5947,850,test
5952,1004,test
5953,895,test
5954,850,test
5955,850,test
5959,1004,test
5962,850,test
5964,1004,test
5967,1004,test
5968,850,test
5971,1004,test
5977,850,test
5985,850,test
5988,850,test
5990,895,test
6021,850,test
6022,850,test
6023,1004,test
6024,850,test
6029,850,test
6043,850,test
6044,895,test
6045,850,test
6059,823,test
6063,1081,test
6078,940,test
6087,940,test
6093,823,test
6097,1081,test
6098,1024,test
6105,940,test
6109,1081,test
6110,1081,test
6111,1081,test
6112,1033,test
6113,1080,test
6115,1081,test
6116,1081,test
6118,1081,test
6119,1081,test
6121,1081,test
6129,1033,test
6131,1081,test
6139,868,test
6143,1080,test
6144,868,test
6147,1081,test
6149,1033,test
6150,1081,test
6153,1033,test
6154,868,test
6155,1081,test
6156,1081,test
6157,1081,test
6158,1081,test
6159,1081,test
6161,1081,test
6164,850,test
6166,850,test
6168,850,test
6172,850,test
6175,850,test
6178,850,test
6190,850,test
6191,850,test
6193,850,test
6197,1081,test
6201,1081,test
6203,927,test
6204,1202,test
6206,1081,test
6207,1081,test
6208,1202,test
6210,927,test
6211,927,test
6214,1202,test
6215,1202,test
6217,1202,test
6219,836,test
6221,1033,test
6229,1033,test
6231,836,test
6234,1081,test
6236,1081,test
6237,1033,test
6239,927,test
6240,943,test
6244,1202,test
6246,1033,test
6247,1081,test
6248,1081,test
6249,836,test
6250,1081,test
6251,1202,test
6253,1081,test
6254,1202,test
6255,836,test
6256,1033,test
6257,1202,test
6261,836,test
6262,836,test
6267,927,test
6269,1081,test
6281,1072,test
6282,964,test
6291,964,test
6299,964,test
6301,1015,test
6302,1072,test
6304,1072,test
6306,1072,test
6309,964,test
6310,964,test
6318,937,test
6333,1024,test
6347,937,test
6348,937,test
6349,871,test
6376,1144,test
6386,1144,test
6411,895,test
6412,1000,test
6422,895,test
6428,895,test
6430,895,test
6433,1080,test
6435,964,test
6439,895,test
6441,964,test
6442,1072,test
6443,1080,test
6446,895,test
6449,1080,test
6451,1072,test
6454,895,test
6456,895,test
6484,1020,test
6487,1020,test
6488,1033,test
6493,1020,test
6494,1020,test
6500,1033,test
6502,1025,test
6505,1020,test
6508,1033,test
6509,1033,test
6511,1020,test
6512,1020,test
6515,1033,test
6517,1020,test
6518,1033,test
6522,1033,test
6523,1020,test
6525,1020,test
6526,1020,test
6531,1020,test
6533,1020,test
6537,1020,test
6538,1033,test
6544,1020,test
6545,1020,test
6546,1033,test
6549,1020,test
6550,1033,test
6552,1020,test
6553,1033,test
6554,1020,test
6555,1020,test
6556,1020,test
6557,1020,test
6560,895,test
6565,895,test
6597,895,test
6600,895,test
6604,895,test
6609,836,test
6621,294,test
6624,294,test
6630,836,test
6646,294,test
6650,836,test
6651,294,test
6661,294,test
6682,836,test
6683,294,test
6690,1080,test
6701,1080,test
6703,1080,test
6710,1080,test
6712,1080,test
6713,868,test
6714,1080,test
6716,1080,test
6717,1033,test
6723,868,test
6727,1080,test
6732,1033,test
6743,1033,test
6752,1080,test
6756,1033,test
6757,1033,test
6760,1033,test
6761,1033,test
6764,1033,test
6765,1033,test
6766,1033,test
6767,1024,test
6771,1033,test
6772,1033,test
6773,1033,test
6775,1033,test
6776,1024,test
6779,1072,test
6782,895,test
6786,1072,test
6789,895,test
6791,895,test
6792,867,test
6801,895,test
6803,1080,test
6804,255,test
6810,868,test
6812,868,test
6813,850,test
6815,850,test
6816,850,test
6820,255,test
6821,850,test
6824,868,test
6828,255,test
6830,313,test
6833,868,test
6835,739,test
6836,1080,test
6838,739,test
6841,868,test
6847,868,test
6848,868,test
6851,868,test
6853,739,test
6854,255,test
6856,868,test
6906,867,test
6908,1022,test
6910,1022,test
6912,511,test
6914,850,test
6915,511,test
6920,867,test
6924,871,test
6926,871,test
6927,867,test
6932,511,test
6933,850,test
6934,867,test
6935,850,test
6936,867,test
6937,867,test
6940,1089,test
6942,850,test
6943,1089,test
6945,867,test
6946,867,test
6947,850,test
6950,867,test
6957,867,test
6959,867,test
6960,850,test
6961,1022,test
6962,867,test
6963,850,test
6971,719,test
6973,719,test
6974,719,test
6977,719,test
6978,719,test
6980,719,test
6982,1022,test
6983,719,test
6985,719,test
6986,719,test
6989,719,test
6995,719,test
6996,719,test
6997,719,test
7009,912,test
7022,1022,test
7026,871,test
7030,1022,test
7038,1022,test
7039,1022,test
7059,1025,test
7062,1022,test
7066,1022,test
7076,1081,test
7077,1081,test
7086,868,test
7089,1081,test
7090,1081,test
7091,1081,test
7092,868,test
7096,850,test
7100,1081,test
7102,1081,test
7105,1025,test
7107,868,test
7110,1081,test
7111,1025,test
7112,1081,test
7114,1081,test
7116,1081,test
7121,1081,test
7130,1081,test
7132,1081,test
7150,868,test
7153,868,test
7168,1025,test
7171,868,test
7186,868,test
7187,868,test
7197,868,test
7198,927,test
7219,868,test
7235,868,test
7245,868,test
7249,834,test
7252,868,test
7263,868,test
7267,867,test
7268,1080,test
7270,867,test
7271,867,test
7275,867,test
7278,1080,test
7286,867,test
7287,1025,test
7294,1080,test
7295,1080,test
7297,1080,test
7299,1022,test
7304,1080,test
7306,1080,test
7308,1080,test
7311,1022,test
7313,867,test
7320,1080,test
7323,151,test
7331,927,test
7345,927,test
7346,927,test
7347,927,test
7407,1022,test
7408,1022,test
7432,948,test
7434,948,test
7435,948,test
7436,338,test
7438,948,test
7476,1020,test
7478,836,test
7480,1020,test
7489,836,test
7490,1020,test
7492,836,test
7497,1020,test
7502,1020,test
7503,1020,test
7506,1020,test
7507,836,test
7508,1020,test
7510,836,test
7512,1081,test
7515,1004,test
7518,949,test
7522,949,test
7534,949,test
7537,949,test
7539,868,test
7546,949,test
7547,549,test
7549,949,test
7556,949,test
7558,1081,test
7561,949,test
7563,549,test
7565,949,test
7567,949,test
7572,1081,test
7574,868,test
7581,868,test
7582,868,test
7584,639,test
7585,868,test
7587,895,test
7588,868,test
7589,868,test
7594,1033,test
7595,1033,test
7596,895,test
7597,868,test
7598,868,test
7599,912,test
7608,868,test
7611,868,test
7614,868,test
7618,912,test
7620,868,test
7625,895,test
7626,895,test
7629,1033,test
7632,868,test
7634,868,test
7635,964,test
7637,964,test
7640,868,test
7645,1072,test
7649,1072,test
7650,1072,test
7652,1072,test
7653,1072,test
7654,1072,test
7665,1072,test
7670,936,test
7673,936,test
7674,189,test
7679,936,test
7683,912,test
7690,867,test
7691,912,test
7692,936,test
7693,867,test
7694,867,test
7696,867,test
7698,189,test
7703,867,test
7706,867,test
7707,936,test
7708,867,test
7713,936,test
7716,867,test
7719,936,test
7720,936,test
7722,867,test
7723,936,test
7724,936,test
7738,855,test
7758,855,test
7764,850,test
7771,88,test
7777,867,test
7778,867,test
7786,867,test
7787,867,test
7788,867,test
7789,867,test
7793,867,test
7794,867,test
7796,867,test
7801,867,test
7808,868,test
7809,867,test
7817,867,test
7818,867,test
7841,478,test
7844,478,test
7855,478,test
7869,478,test
7876,1118,test
7890,943,test
7960,1025,test
7970,1025,test
7994,396,test
8002,396,test
8011,1022,test
8035,936,test
8038,936,test
8039,936,test
8040,936,test
8042,936,test
8043,936,test
8044,936,test
8045,612,test
8046,936,test
8051,936,test
8052,936,test
8058,936,test
8060,936,test
8062,936,test
8066,936,test
8078,936,test
8083,936,test
8085,936,test
8086,936,test
8088,936,test
8089,936,test
8091,936,test
8092,936,test
8093,936,test
8098,936,test
8104,936,test
8105,936,test
8106,936,test
8108,936,test
8115,936,test
8119,920,test
8127,920,test
8128,920,test
8135,47,test
8137,323,test
8143,952,test
8144,949,test
8147,949,test
8153,868,test
8154,71,test
8157,1081,test
8158,1081,test
8163,1081,test
8167,1081,test
8169,1081,test
8172,1081,test
8176,1081,test
8177,868,test
8179,1081,test
8180,868,test
8189,1081,test
8196,1081,test
8208,1116,test
8211,868,test
8214,867,test
8215,867,test
8217,867,test
8218,1020,test
8220,823,test
8224,868,test
8225,867,test
8229,867,test
8230,823,test
8232,867,test
8234,940,test
8240,867,test
8244,867,test
8245,1116,test
8249,1116,test
8250,867,test
8251,1020,test
8252,867,test
8253,823,test
8256,867,test
8258,867,test
8263,867,test
8264,867,test
8265,823,test
8266,823,test
8267,940,test
8270,867,test
8272,823,test
8273,823,test
8274,940,test
8275,867,test
8276,867,test
8280,1116,test
8281,1116,test
8284,867,test
8286,868,test
8287,867,test
8288,1020,test
8289,823,test
8290,1116,test
8291,867,test
8308,868,test
8310,940,test
8311,940,test
8313,868,test
8322,868,test
8325,1116,test
8331,1022,test
8333,940,test
8341,1116,test
8350,940,test
8357,1116,test
8361,940,test
8365,940,test
8391,823,test
8403,1074,test
8418,1074,test
8434,1074,test
8439,823,test
8443,823,test
8451,895,test
8452,895,test
8455,895,test
8465,895,test
8476,895,test
8479,895,test
8486,895,test
8494,407,test
8500,895,test
8506,407,test
8507,1033,test
8508,916,test
8510,407,test
8515,895,test
8520,1074,test
8521,895,test
8525,312,test
8527,1074,test
8528,895,test
8529,834,test
8530,964,test
8533,964,test
8534,964,test
8535,964,test
8536,964,test
8537,964,test
8538,964,test
8539,834,test
8541,964,test
8543,952,test
8546,952,test
8548,952,test
8549,964,test
8550,964,test
8551,964,test
8552,952,test
8553,952,test
8556,964,test
8557,964,test
8560,952,test
8561,964,test
8563,952,test
8566,964,test
8567,964,test
8569,952,test
8570,952,test
8571,952,test
8581,260,test
8592,943,test
8594,1174,test
8600,260,test
8603,260,test
8604,1174,test
8609,260,test
8611,920,test
8612,260,test
8614,260,test
8645,260,test
8646,260,test
8650,943,test
8653,867,test
8662,260,test
8674,260,test
8679,260,test
8680,260,test
8687,260,test
8694,260,test
8700,836,test
8702,836,test
8703,836,test
8705,1116,test
8707,836,test
8708,1116,test
8711,836,test
8712,836,test
8713,836,test
8714,836,test
8715,836,test
8716,1116,test
8717,943,test
8719,836,test
8720,836,test
8722,836,test
8723,836,test
8724,836,test
8727,836,test
8728,943,test
8729,836,test
8730,836,test
8731,836,test
8732,936,test
8734,952,test
8735,949,test
8738,952,test
8739,927,test
8740,952,test
8741,952,test
8742,952,test
8743,952,test
8744,952,test
8745,1019,test
8748,927,test
8749,952,test
8753,949,test
8755,952,test
8756,949,test
8759,1025,test
8763,1025,test
8774,1022,test
8777,1025,test
8780,936,test
8781,936,test
8784,936,test
8786,936,test
8790,936,test
8791,936,test
8793,936,test
8794,936,test
8797,936,test
8800,1025,test
8802,936,test
8803,936,test
8804,936,test
8812,868,test
8813,936,test
8817,936,test
8818,936,test
8820,936,test
8821,936,test
8822,936,test
8823,936,test
8824,359,test
8828,283,test
8831,1081,test
8835,283,test
8841,1025,test
8848,1081,test
8849,283,test
8853,283,test
8854,1081,test
8865,1081,test
8866,1024,test
8867,1080,test
8870,867,test
8872,867,test
8873,867,test
8874,1020,test
8875,1020,test
8877,867,test
8878,1020,test
8879,1020,test
8880,867,test
8881,867,test
8883,867,test
8884,867,test
8887,867,test
8888,1020,test
8889,1020,test
8890,1020,test
8891,867,test
8892,1020,test
8893,1020,test
8894,1020,test
8895,867,test
8901,1072,test
8910,1033,test
8918,1033,test
8926,1033,test
8927,1033,test
8934,1072,test
8946,1022,test
8950,1097,test
8957,940,test
8958,940,test
8960,940,test
8961,1022,test
8964,940,test
8965,940,test
8968,940,test
8969,940,test
8973,940,test
8976,940,test
8977,940,test
8978,940,test
8981,940,test
8983,940,test
8984,940,test
8985,940,test
8988,940,test
8991,940,test
8992,1118,test
8996,61,test
9002,1118,test
9012,61,test
9030,823,test
9078,871,test
9097,871,test
9144,1022,test
9146,949,test
9202,1074,test
9224,912,test
9225,912,test
9227,927,test
9228,868,test
9234,1072,test
9236,916,test
9237,927,test
9241,868,test
9242,1072,test
9245,1072,test
9248,927,test
9252,927,test
9255,916,test
9262,1072,test
9266,927,test
9267,927,test
9268,868,test
9271,868,test
9276,927,test
9278,1080,test
9281,927,test
9283,1080,test
9284,927,test
9285,1072,test
9288,916,test
9289,916,test
9292,1080,test
9294,1072,test
9296,927,test
9302,834,test
9304,940,test
9309,834,test
9310,834,test
9311,834,test
9317,834,test
9321,1080,test
9323,834,test
9325,834,test
9327,834,test
9328,940,test
9330,834,test
9332,834,test
9333,834,test
9334,868,test
9336,895,test
9338,868,test
9340,868,test
9342,895,test
9344,895,test
9346,895,test
9347,868,test
9349,868,test
9350,868,test
9351,868,test
9354,895,test
9360,868,test
9362,868,test
9363,1004,test
9379,895,test
9380,868,test
9381,895,test
9385,895,test
9386,895,test
9388,895,test
9392,868,test
9394,868,test
9401,868,test
9403,868,test
9409,1022,test
9410,858,test
9421,850,test
9428,868,test
9432,868,test
9435,1022,test
9444,72,test
9446,1022,test
9447,1022,test
9498,895,test
9502,895,test
9506,895,test
9509,867,test
9512,895,test
9513,871,test
9514,895,test
9520,895,test
9521,895,test
9524,895,test
9529,895,test
9530,895,test
9532,895,test
9534,836,test
9536,836,test
9542,912,test
9543,836,test
9544,836,test
9547,836,test
9549,836,test
9557,836,test
9563,836,test
9564,836,test
9580,1081,test
9582,1081,test
9583,1081,test
9589,1081,test
9590,1081,test
9607,868,test
9612,868,test
9614,868,test
9615,868,test
9617,868,test
9618,868,test
9629,868,test
9630,868,test
9632,868,test
9639,868,test
9640,868,test
9643,868,test
9649,219,test
9663,827,test
9683,1025,test
9700,1025,test
9713,1025,test
9718,827,test
9722,1022,test
9724,1022,test
9741,1022,test
9745,1022,test
9746,850,test
9747,1072,test
9748,927,test
9749,895,test
9750,895,test
9752,895,test
9753,895,test
9754,895,test
9758,850,test
9760,850,test
9761,261,test
9762,850,test
9763,895,test
9764,850,test
9765,1072,test
9766,850,test
9767,850,test
9769,895,test
9770,850,test
9772,895,test
9773,1072,test
9774,850,test
9777,895,test
9778,1072,test
9784,944,test
9788,944,test
9792,944,test
9795,583,test
9800,583,test
9802,583,test
9805,583,test
9808,583,test
9823,1089,test
9824,944,test
9825,1080,test
9833,1089,test
9836,1080,test
9840,1080,test
9843,1080,test
9846,944,test
9851,1089,test
9852,1089,test
9854,1089,test
9855,1080,test
9858,944,test
9871,1089,test
9883,895,test
9891,895,test
9899,868,test
9908,895,test
9912,1074,test
9915,895,test
9925,895,test
9945,1080,test
9948,1022,test
9949,1022,test
9950,1022,test
9952,1022,test
9954,1022,test
9956,1022,test
9959,1022,test
9961,1022,test
9965,1080,test
9969,1022,test
9971,1080,test
9972,990,test
10003,589,test
10021,960,test
10022,1037,test
10024,1081,test
10026,1081,test
10028,1037,test
10029,1037,test
10031,1081,test
10033,1037,test
10034,1037,test
10035,1037,test
10038,1081,test
10039,1037,test
10042,1037,test
10043,1037,test
10045,1037,test
10049,1081,test
10050,1081,test
10052,1037,test
10053,1081,test
10054,1081,test
10055,1037,test
10056,1081,test
10057,1081,test
10058,1037,test
10060,1037,test
10061,1171,test
10063,1081,test
10064,1037,test
10065,1081,test
10066,1037,test
10068,1081,test
10093,1074,test
10096,937,test
10107,937,test
10119,937,test
10125,1081,test
10141,990,test
10143,837,test
10162,376,test
10165,936,test
10166,936,test
10169,147,test
10175,376,test
10184,376,test
10190,147,test
10199,936,test
10201,147,test
10208,927,test
10209,936,test
10210,936,test
10211,936,test
10214,936,test
10215,936,test
10227,936,test
10239,895,test
10240,895,test
10243,895,test
10244,895,test
10248,895,test
10256,895,test
10257,895,test
10259,1033,test
10263,1116,test
10266,858,test
10267,1033,test
10271,916,test
10274,1033,test
10275,916,test
10277,964,test
10283,858,test
10284,1033,test
10285,964,test
10289,1033,test
10290,1116,test
10291,916,test
10295,858,test
10297,148,test
10300,1033,test
10301,1116,test
10302,964,test
10305,1033,test
10308,1033,test
10313,1033,test
10314,1080,test
10317,1033,test
10321,1033,test
10322,1080,test
10323,1033,test
10326,1033,test
10329,148,test
10336,148,test
10339,1033,test
10349,1116,test
10350,1033,test
10353,1080,test
10357,1033,test
10358,1033,test
10359,964,test
10361,1072,test
10363,1020,test
10367,1020,test
10368,1033,test
10370,1072,test
10372,1020,test
10375,1020,test
10379,1020,test
10382,1020,test
10383,1033,test
10389,1072,test
10392,1033,test
10395,1072,test
10397,1033,test
10399,1020,test
10401,1020,test
10405,1020,test
10407,1072,test
10411,1020,test
10412,1033,test
10413,1020,test
10415,1020,test
10416,1072,test
10418,1072,test
10420,1020,test
10421,1072,test
10422,1072,test
10442,1116,test
10445,1116,test
10448,827,test
10454,1116,test
10456,1116,test
10457,1116,test
10461,1116,test
10467,1116,test
10481,1080,test
10482,1080,test
10487,1080,test
10492,1080,test
10493,1080,test
10495,1022,test
10497,1080,test
10498,1080,test
10502,1080,test
10503,1022,test
10504,1080,test
10505,1080,test
10507,1080,test
10512,1080,test
10516,574,test
10522,1080,test
10524,1022,test
10525,1080,test
10526,1080,test
10530,1074,test
10536,1022,test
10538,1080,test
10541,1080,test
10542,1080,test
10552,1022,test
10554,1074,test
10555,1022,test
10557,574,test
10559,1080,test
10561,1022,test
10563,1080,test
10565,1080,test
10571,1080,test
10576,1080,test
10577,1080,test
10579,1080,test
10580,1080,test
10581,1080,test
10582,1022,test
10583,1080,test
10585,895,test
10586,1080,test
10587,1080,test
10588,1022,test
10593,1080,test
10598,1025,test
10629,836,test
10646,1025,test
10681,1022,test
10702,871,test
10704,1022,test
10706,936,test
10711,1022,test
10712,1022,test
10719,867,test
10721,867,test
10724,1037,test
10725,1037,test
10731,1037,test
10736,1037,test
10737,1037,test
10738,867,test
10739,1037,test
10740,1067,test
10746,1037,test
10749,1037,test
10754,1037,test
10756,960,test
10760,1037,test
10762,1081,test
10764,1081,test
10767,1037,test
10769,1037,test
10770,960,test
10771,960,test
10775,1081,test
10776,960,test
10777,1037,test
10778,1037,test
10779,867,test
10780,960,test
10789,1020,test
10795,868,test
10803,868,test
10819,1020,test
10823,1020,test
10852,1081,test
10853,1081,test
10856,1081,test
10857,1025,test
10859,1025,test
10861,1081,test
10862,1081,test
10865,1081,test
10866,1081,test
10868,1081,test
10872,1081,test
10875,119,test
10876,119,test
10877,1081,test
10881,1081,test
10884,1081,test
10885,960,test
10886,1081,test
10887,1081,test
10888,1081,test
10891,1081,test
10897,119,test
10899,1081,test
10900,1081,test
10903,1081,test
10905,1081,test
10906,1025,test
10907,1081,test
10908,1081,test
10911,1081,test
10912,1081,test
10918,960,test
11005,990,test
11023,943,test
11031,823,test
11043,12,test
11063,868,test
11078,90,test
11082,90,test
11083,90,test
11084,90,test
11085,90,test
11088,90,test
11091,90,test
11100,90,test
11102,90,test
11107,90,test
11109,90,test
11110,90,test
11113,90,test
11119,90,test
11127,1080,test
11128,1025,test
11132,1025,test
11133,1020,test
11137,575,test
11142,1025,test
11155,1020,test
11159,1025,test
11162,1020,test
11171,1025,test
11181,1025,test
11184,1025,test
11188,1024,test
11189,375,test
11190,111,test
11191,375,test
11193,375,test
11196,375,test
11197,375,test
11198,949,test
11200,858,test
11204,375,test
11207,375,test
11208,375,test
11216,375,test
11220,375,test
11221,375,test
11225,375,test
11226,375,test
11229,949,test
11238,375,test
11242,375,test
11246,375,test
11249,375,test
11258,375,test
11261,1022,test
11263,375,test
11295,868,test
11329,1081,test
11349,561,test
11350,1022,test
11353,1022,test
11354,1022,test
11360,1022,test
11361,1022,test
11363,1089,test
11367,1022,test
11373,1089,test
11375,1022,test
11376,1022,test
11377,1022,test
11379,1022,test
11382,1022,test
11383,1081,test
11384,895,test
11385,1025,test
11387,1025,test
11388,1025,test
11389,1081,test
11391,1074,test
11393,1081,test
11394,1074,test
11395,1022,test
11396,847,test
11397,1074,test
11398,1081,test
11400,1081,test
11401,1074,test
11402,834,test
11404,1081,test
11405,895,test
11407,834,test
11408,834,test
11410,1074,test
11412,1025,test
11413,1081,test
11416,1074,test
11417,895,test
11418,1081,test
11420,1022,test
11421,868,test
11423,1072,test
11424,1072,test
11426,868,test
11429,1022,test
11433,868,test
11434,868,test
11435,868,test
11436,1072,test
11437,868,test
11438,868,test
11439,868,test
11440,868,test
11441,1072,test
11443,1072,test
11444,868,test
11445,868,test
11446,868,test
11447,1022,test
11448,868,test
11449,868,test
11450,868,test
11451,1072,test
11452,1022,test
11453,868,test
11454,868,test
11458,868,test
11459,868,test
11460,868,test
11461,1072,test
11462,1072,test
11463,1072,test
11464,868,test
11465,1072,test
11466,1025,test
11468,1072,test
11469,1025,test
11470,1025,test
11471,1022,test
11473,1025,test
11475,868,test
11476,1025,test
11478,868,test
11480,1025,test
11481,868,test
11482,868,test
11484,868,test
11487,868,test
11488,1025,test
11490,868,test
11491,868,test
11492,868,test
11493,1072,test
11494,868,test
11496,868,test
11500,1081,test
11503,1081,test
11508,1081,test
11511,1081,test
11512,1081,test
11513,1081,test
11515,1081,test
11526,1081,test
11534,867,test
11535,867,test
11536,949,test
11537,867,test
11541,867,test
11544,867,test
11545,949,test
11548,949,test
11550,867,test
11551,867,test
11553,867,test
11555,858,test
11558,867,test
11559,867,test
11560,949,test
11561,867,test
11566,867,test
11600,858,test
11640,858,test
11648,868,test
11651,850,test
11652,1022,test
11653,1022,test
11656,868,test
11658,850,test
11659,868,test
11660,1022,test
11661,964,test
11664,1022,test
11666,901,test
11668,1022,test
11669,868,test
11671,850,test
11703,1025,test
11704,1025,test
11707,867,test
11710,867,test
11711,867,test
11714,867,test
11715,960,test
11716,927,test
11717,850,test
11718,867,test
11719,850,test
11721,927,test
11724,867,test
11725,850,test
11727,867,test
11728,960,test
11729,927,test
11731,850,test
11732,960,test
11733,850,test
11734,850,test
11735,867,test
11737,850,test
11738,867,test
11739,960,test
11742,960,test
11743,960,test
11746,867,test
11747,927,test
11748,867,test
11751,867,test
11753,850,test
11754,960,test
11756,868,test
11757,1022,test
11758,518,test
11760,1022,test
11763,1022,test
11764,868,test
11769,1022,test
11774,1022,test
11778,1022,test
11783,868,test
11797,1022,test
11807,868,test
11813,868,test
11814,518,test
11819,1022,test
11821,1138,test
11826,1022,test
11827,823,test
11832,1022,test
11843,333,test
11847,333,test
11856,333,test
11864,333,test
11869,1022,test
11875,936,test
11880,868,test
11881,964,test
11883,868,test
11904,964,test
11906,1089,test
11912,78,test
11913,1089,test
11926,79,test
11930,868,test
11936,868,test
11976,964,test
11991,303,test
12032,776,test
12046,1080,test
12047,1080,test
12049,1080,test
12053,668,test
12064,1080,test
12066,1080,test
12078,1080,test
12091,1022,test
12104,1022,test
12123,868,test
12125,868,test
12126,1072,test
12127,868,test
12129,964,test
12133,868,test
12137,827,test
12155,91,test
12177,1074,test
12180,895,test
12185,895,test
12187,895,test
12192,895,test
12193,895,test
12197,895,test
12200,895,test
12210,927,test
12219,927,test
12220,927,test
12222,927,test
12231,1074,test
12232,927,test
12239,1074,test
12240,964,test
12241,964,test
12247,110,test
12256,868,test
12280,488,test
12281,1081,test
12286,1081,test
12288,1080,test
12289,868,test
12291,1081,test
12296,1081,test
12304,1033,test
12305,1081,test
12309,1081,test
12310,1081,test
12316,1074,test
12319,1081,test
12322,1022,test
12323,1022,test
12325,868,test
12326,1022,test
12327,868,test
12331,868,test
12332,1022,test
12333,1022,test
12334,1022,test
12335,823,test
12336,1022,test
12337,868,test
12338,1081,test
12339,823,test
12340,868,test
12341,1022,test
12342,1022,test
12343,823,test
12346,868,test
12348,868,test
12349,850,test
12350,868,test
12351,868,test
12353,868,test
12355,868,test
12358,868,test
12362,868,test
12363,868,test
12365,868,test
12368,850,test
12369,868,test
12370,868,test
12371,868,test
12374,868,test
12376,868,test
12379,868,test
12381,868,test
12382,850,test
12387,868,test
12389,868,test
12390,1033,test
12391,936,test
12417,936,test
12431,936,test
12437,936,test
12438,936,test
12439,936,test
12440,936,test
12441,927,test
12443,936,test
12444,936,test
12445,936,test
12446,936,test
12448,823,test
12449,936,test
12450,858,test
12452,936,test
12459,936,test
12460,927,test
12461,823,test
12462,1072,test
12465,936,test
12466,927,test
12467,936,test
12468,936,test
12470,936,test
12472,936,test
12473,936,test
12475,936,test
12476,605,test
12477,1072,test
12478,936,test
12479,936,test
12480,936,test
12481,936,test
12484,936,test
12485,936,test
12487,936,test
12488,605,test
12490,936,test
12491,927,test
12495,936,test
12500,936,test
12501,927,test
12503,936,test
12504,936,test
12511,1072,test
12513,936,test
12514,936,test
12515,936,test
12524,1081,test
12525,936,test
12534,1081,test
12537,936,test
12543,1081,test
12548,936,test
12552,936,test
12553,936,test
12555,936,test
12557,936,test
12558,936,test
12559,1081,test
12565,936,test
12569,936,test
12575,936,test
12576,936,test
12584,936,test
12585,646,test
12588,937,test
12597,1022,test
12600,1024,test
12602,1081,test
12607,937,test
12610,937,test
12612,937,test
12623,1081,test
12624,1024,test
12626,868,test
12630,1081,test
12631,1081,test
12642,1057,test
12647,1057,test
12677,937,test
12678,937,test
12684,937,test
12685,210,test
12686,304,test
12695,868,test
12712,868,test
12747,215,test
12749,215,test
12751,834,test
12753,215,test
12755,1022,test
12758,215,test
12764,834,test
12766,215,test
12772,834,test
12774,215,test
12777,215,test
12778,215,test
12781,215,test
12782,834,test
12786,1081,test
12787,1081,test
12794,1081,test
12795,1081,test
12797,1081,test
12801,1081,test
12802,555,test
12804,1081,test
12808,1081,test
12814,1081,test
12815,555,test
12816,1081,test
12820,920,test
12838,837,test
12869,1020,test
12883,936,test
12896,936,test
12897,936,test
12905,936,test
12924,936,test
12938,936,test
12939,927,test
12941,927,test
12942,927,test
12945,444,test
12947,927,test
12950,444,test
12961,940,test
12963,940,test
12973,871,test
12986,1081,test
12998,808,test
13005,1081,test
13012,1081,test
13018,1081,test
13021,347,test
13022,969,test
13032,1081,test
13037,1033,test
13045,1081,test
13048,1020,test
13050,1037,test
13055,1037,test
13057,936,test
13058,936,test
13062,1081,test
13063,936,test
13064,936,test
13069,1081,test
13073,1020,test
13074,1020,test
13077,1081,test
13081,936,test
13083,936,test
13084,1037,test
13087,1037,test
13088,1037,test
13093,936,test
13094,1037,test
13095,850,test
13096,1081,test
13097,1081,test
13098,1020,test
13103,1020,test
13105,1037,test
13106,1020,test
13108,1037,test
13111,1081,test
13113,1020,test
13120,936,test
13125,936,test
13131,936,test
13136,936,test
13137,1020,test
13142,1037,test
13146,1020,test
13147,1037,test
13148,936,test
13149,936,test
13151,936,test
13152,1037,test
13155,1037,test
13163,936,test
13167,1081,test
13171,850,test
13176,1081,test
13178,1025,test
13179,167,test
13180,1081,test
13183,1081,test
13185,940,test
13187,1081,test
13192,1025,test
13197,850,test
13201,850,test
13204,1081,test
13205,1033,test
13206,850,test
13215,850,test
13219,1081,test
13223,167,test
13227,927,test
13237,167,test
13241,167,test
13250,167,test
13251,167,test
13253,167,test
13257,936,test
13259,855,test
13261,823,test
13264,936,test
13267,936,test
13268,936,test
13271,936,test
13273,936,test
13276,936,test
13278,936,test
13279,936,test
13281,936,test
13282,936,test
13283,936,test
13284,936,test
13288,936,test
13290,936,test
13292,823,test
13293,936,test
13295,936,test
13301,836,test
13302,836,test
13307,836,test
13313,836,test
13317,836,test
13332,836,test
13340,836,test
13344,836,test
13357,1074,test
13365,948,test
13367,1074,test
13368,1072,test
13370,1072,test
13373,1072,test
13375,936,test
13376,936,test
13380,1072,test
13381,1072,test
13382,1072,test
13384,1072,test
13388,936,test
13389,1072,test
13390,936,test
13392,1072,test
13394,1072,test
13395,1072,test
13399,927,test
13402,927,test
13406,927,test
13408,927,test
13414,927,test
13415,927,test
13433,927,test
13435,1024,test
13436,1037,test
13439,867,test
13441,1037,test
13442,867,test
13443,1037,test
13445,1037,test
13446,867,test
13458,867,test
13460,1024,test
13463,1037,test
13464,867,test
13470,1024,test
13473,1024,test
13474,867,test
13477,867,test
13485,927,test
13486,927,test
13489,927,test
13494,927,test
13496,927,test
13497,927,test
13499,927,test
13500,927,test
13502,868,test
13504,611,test
13509,611,test
13511,927,test
13516,927,test
13518,927,test
13524,927,test
13528,611,test
13531,611,test
13534,927,test
13536,927,test
13537,611,test
13540,611,test
13543,927,test
13545,927,test
13548,868,test
13550,927,test
13551,611,test
13552,868,test
13553,927,test
13554,611,test
13555,611,test
13558,1072,test
13559,868,test
13562,1080,test
13563,1080,test
13567,1080,test
13571,1080,test
13579,1072,test
13581,1072,test
13582,1000,test
13583,1080,test
13584,1072,test
13585,1080,test
13586,868,test
13587,868,test
13591,868,test
13594,868,test
13596,1080,test
13597,868,test
13600,1072,test
13602,868,test
13603,1080,test
13604,1080,test
13605,1072,test
13612,1080,test
13613,868,test
13615,1080,test
13616,1080,test
13619,1080,test
13620,868,test
13623,1072,test
13627,1080,test
13666,1022,test
13683,1033,test
13694,960,test
13700,927,test
13705,960,test
13708,927,test
13719,1072,test
13728,1022,test
13729,868,test
13738,1022,test
13752,868,test
13754,868,test
13770,868,test
13788,836,test
13793,868,test
13795,868,test
13800,868,test
13816,1022,test
13830,868,test
13831,836,test
13836,868,test
13845,836,test
13847,836,test
13849,1022,test
13850,1022,test
13858,868,test
13866,868,test
13871,868,test
13877,868,test
13885,1080,test
13889,960,test
13891,850,test
13893,850,test
13895,1025,test
13906,868,test
13909,868,test
13928,868,test
13948,868,test
13968,871,test
13993,871,test
14014,927,test
14016,1081,test
14018,1081,test
14023,621,test
14028,621,test
14029,621,test
14030,621,test
14032,621,test
14033,621,test
14038,621,test
14039,621,test
14040,1081,test
14048,621,test
14051,621,test
14055,621,test
14056,621,test
14057,1081,test
14060,621,test
14063,1081,test
14066,654,test
14067,927,test
14079,927,test
14082,1081,test
14084,927,test
14095,1081,test
14098,1081,test
14106,927,test
14115,1033,test
14117,850,test
14138,534,test
14144,534,test
14150,1033,test
14154,1129,test
14159,1129,test
14162,1129,test
14167,867,test
14172,867,test
14177,867,test
14183,867,test
14189,1129,test
14190,895,test
14195,867,test
14198,867,test
14201,1129,test
14225,867,test
14227,867,test
14230,867,test
14231,867,test
14232,867,test
14233,867,test
14234,867,test
14237,867,test
14240,867,test
14241,867,test
14242,867,test
14244,867,test
14249,867,test
14251,1081,test
14252,848,test
14253,867,test
14255,185,test
14264,895,test
14267,139,test
14281,139,test
14283,139,test
14287,139,test
14289,1073,test
14291,1073,test
14315,949,test
14349,1081,test
14352,1081,test
14355,174,test
14357,1025,test
14358,1081,test
14367,1081,test
14445,850,test
14474,1080,test
14489,1080,test
14496,1080,test
14499,1080,test
14502,1080,test
14503,1080,test
14511,1080,test
14512,1080,test
14515,642,test
14516,642,test
14518,642,test
14528,642,test
14530,1112,test
14538,642,test
14539,1162,test
14544,564,test
14548,1074,test
14551,850,test
14553,850,test
14556,850,test
14558,850,test
14559,850,test
14560,740,test
14563,1074,test
14566,850,test
14569,1074,test
14572,850,test
14574,850,test
14575,850,test
14577,1033,test
14578,850,test
14579,1074,test
14580,850,test
14582,850,test
14583,850,test
14585,850,test
14586,850,test
14589,1074,test
14591,332,test
14592,1081,test
14593,1081,test
14594,850,test
14595,332,test
14596,960,test
14597,850,test
14598,1081,test
14604,1081,test
14605,850,test
14609,850,test
14613,332,test
14614,332,test
14617,1081,test
14618,1081,test
14620,850,test
14625,332,test
14627,850,test
14628,1081,test
14630,850,test
14633,1081,test
14634,1081,test
14635,1081,test
14637,1081,test
14638,1081,test
14640,332,test
14641,332,test
14643,332,test
14644,1081,test
14646,332,test
14648,1081,test
14649,1081,test
14650,850,test
14652,1081,test
14654,1033,test
14656,1081,test
14658,1033,test
14659,1081,test
14660,1081,test
14661,1081,test
14668,1072,test
14670,1072,test
14671,927,test
14674,927,test
14676,868,test
14677,1072,test
14678,927,test
14679,1004,test
14681,1072,test
14684,1004,test
14686,1004,test
14687,927,test
14688,1004,test
14689,1004,test
14694,1004,test
14695,1004,test
14696,1072,test
14700,1072,test
14702,868,test
14703,1072,test
14704,927,test
14706,927,test
14711,927,test
14712,1004,test
14713,927,test
14714,927,test
14715,1072,test
14720,1020,test
14723,1020,test
14726,1020,test
14729,868,test
14731,868,test
14733,868,test
14736,868,test
14739,349,test
14740,868,test
14753,868,test
14754,868,test
14757,868,test
14758,868,test
14759,868,test
14760,1020,test
14762,868,test
14764,1022,test
14767,1089,test
14768,1022,test
14774,1025,test
14778,1089,test
14782,1089,test
14785,871,test
14786,871,test
14787,1089,test
14788,1022,test
14789,1089,test
14792,1089,test
14797,1022,test
14799,1022,test
14804,1089,test
14810,1089,test
14816,871,test
14821,868,test
14830,868,test
14831,868,test
14833,868,test
14843,868,test
14846,868,test
14847,868,test
14849,868,test
14853,940,test
14885,940,test
14891,940,test
14919,1020,test
14922,944,test
14925,867,test
14931,867,test
14938,867,test
14941,867,test
14945,867,test
14955,867,test
14959,867,test
14965,1097,test
14968,1025,test
14972,895,test
14977,895,test
14982,895,test
14983,1025,test
14985,868,test
14988,895,test
14989,895,test
14990,1097,test
14992,895,test
14993,895,test
14996,1097,test
14997,1025,test
15000,1025,test
15003,895,test
15008,936,test
15011,936,test
15014,936,test
15015,936,test
15017,936,test
15022,936,test
15026,936,test
15028,936,test
15032,936,test
15034,936,test
15035,936,test
15043,936,test
15046,936,test
15047,936,test
15048,936,test
15049,936,test
15051,936,test
15100,1025,test
15101,1025,test
15102,1022,test
15109,1025,test
15120,1025,test
15122,1025,test
15125,940,test
15127,940,test
15128,940,test
15130,940,test
15135,940,test
15136,890,test
15137,850,test
15138,940,test
15139,940,test
15140,940,test
15143,940,test
15147,940,test
15148,1022,test
15149,850,test
15153,940,test
15154,940,test
15155,1080,test
15156,850,test
15157,940,test
15158,850,test
15159,1080,test
15163,850,test
15164,940,test
15165,850,test
15168,940,test
15170,940,test
15173,1080,test
15175,940,test
15176,850,test
15177,940,test
15178,940,test
15180,940,test
15184,940,test
15185,868,test
15187,1033,test
15190,868,test
15193,868,test
15197,868,test
15198,1033,test
15200,1033,test
15210,1033,test
15212,1033,test
15214,1033,test
15216,1033,test
15218,1033,test
15221,868,test
15224,1033,test
15225,868,test
15226,1033,test
15228,868,test
15230,1033,test
15233,1033,test
15234,1033,test
15236,1033,test
15239,1033,test
15240,1033,test
15243,1033,test
15246,868,test
15248,1033,test
15250,1033,test
15282,895,test
15283,916,test
15287,916,test
15290,895,test
15292,916,test
15304,916,test
15305,895,test
15307,916,test
15309,916,test
15310,895,test
15312,65,test
15318,895,test
15319,557,test
15321,823,test
15322,823,test
15323,916,test
15329,895,test
15335,916,test
15336,916,test
15339,895,test
15341,916,test
15344,916,test
15346,916,test
15383,936,test
15385,936,test
15386,936,test
15406,1080,test
15416,27,test
15423,1022,test
15433,836,test
15434,737,test
15435,1011,test
15436,916,test
15438,836,test
15441,737,test
15442,916,test
15443,827,test
15446,836,test
15447,836,test
15468,1020,test
15477,256,test
15481,256,test
15483,1033,test
15487,256,test
15502,1022,test
15521,256,test
15523,1033,test
15532,482,test
15536,482,test
15538,482,test
15542,482,test
15544,867,test
15545,868,test
15546,867,test
15548,867,test
15549,482,test
15551,482,test
15553,867,test
15559,867,test
15563,274,test
15568,482,test
15577,482,test
15578,868,test
15581,867,test
15582,482,test
15583,867,test
15589,867,test
15591,867,test
15592,482,test
15593,867,test
15594,867,test
15598,949,test
15600,867,test
15601,949,test
15603,949,test
15604,867,test
15605,949,test
15609,949,test
15612,949,test
15613,597,test
15615,949,test
15616,949,test
15617,949,test
15621,867,test
15622,949,test
15624,867,test
15625,1089,test
15627,1089,test
15628,1089,test
15629,925,test
15632,940,test
15635,1089,test
15637,1089,test
15643,940,test
15646,1089,test
15647,940,test
15648,940,test
15649,1089,test
15650,1089,test
15651,827,test
15652,1089,test
15661,895,test
15664,221,test
15668,895,test
15677,895,test
15678,895,test
15692,895,test
15695,895,test
15696,895,test
15700,895,test
15709,895,test
15716,895,test
15720,895,test
15729,895,test
15731,895,test
15756,895,test
15757,895,test
15771,895,test
15843,936,test
15844,1033,test
15845,1033,test
15848,1025,test
15849,1033,test
15852,1033,test
15854,1033,test
15859,936,test
15868,1081,test
15874,867,test
15876,867,test
15880,1081,test
15881,867,test
15886,867,test
15895,936,test
15896,936,test
15898,936,test
15902,936,test
15904,936,test
15913,936,test
15918,867,test
15924,867,test
15925,867,test
15930,867,test
15932,912,test
15933,912,test
15934,867,test
15936,1025,test
15938,867,test
15939,867,test
15942,867,test
15945,867,test
15948,867,test
15951,912,test
15958,867,test
15964,1081,test
15965,1081,test
15968,1072,test
15971,1081,test
15974,1081,test
15977,1081,test
15979,1081,test
15982,1081,test
15994,1081,test
16001,1072,test
16006,1081,test
16015,1081,test
16019,1081,test
16035,1072,test
16037,1081,test
16039,1081,test
16044,834,test
16050,1081,test
16052,1072,test
16054,1081,test
16071,936,test
16072,936,test
16075,936,test
16092,936,test
16097,936,test
16099,936,test
16135,1080,test
16140,1080,test
16145,940,test
16147,936,test
16148,936,test
16149,936,test
16150,936,test
16151,936,test
16152,940,test
16154,1081,test
16155,940,test
16156,936,test
16159,1081,test
16160,936,test
16161,1081,test
16162,936,test
16164,936,test
16165,936,test
16166,936,test
16167,936,test
16170,936,test
16171,936,test
16172,936,test
16173,940,test
16174,936,test
16175,940,test
16176,940,test
16177,936,test
16178,936,test
16180,940,test
16181,940,test
16182,936,test
16183,940,test
16185,1081,test
16187,936,test
16189,940,test
16190,936,test
16191,936,test
16193,936,test
16194,1081,test
16195,940,test
16197,936,test
16198,936,test
16199,940,test
16200,936,test
16201,936,test
16202,1081,test
16206,936,test
16207,1081,test
16209,940,test
16210,1081,test
16211,940,test
16213,940,test
16214,940,test
16215,940,test
16216,152,test
16221,152,test
16223,152,test
16225,964,test
16226,964,test
16227,1025,test
16236,1138,test
16286,1081,test
16289,1081,test
16290,1081,test
16291,1081,test
16292,1081,test
16293,1081,test
16297,867,test
16298,1081,test
16301,1081,test
16303,1081,test
16304,1081,test
16306,867,test
16307,867,test
16310,1081,test
16316,1081,test
16317,1081,test
16322,1081,test
16323,1081,test
16325,1081,test
16326,1081,test
16327,1081,test
16328,1081,test
16329,867,test
16331,1081,test
16333,867,test
16335,867,test
16339,867,test
16340,1081,test
16343,1081,test
16345,867,test
16347,867,test
16348,867,test
16350,1081,test
16353,1081,test
16358,1081,test
16359,1022,test
16361,1022,test
16362,1022,test
16368,1022,test
16371,1081,test
16372,1022,test
16374,1022,test
16376,1022,test
16379,890,test
16381,1022,test
16382,1022,test
16384,3,test
16387,1081,test
16388,927,test
16391,927,test
16394,867,test
16395,927,test
16396,927,test
16401,927,test
16405,927,test
16408,927,test
16422,927,test
16428,867,test
16432,927,test
16438,927,test
16440,867,test
16442,1020,test
16451,867,test
16452,867,test
16454,123,test
16455,868,test
16456,927,test
16457,836,test
16459,123,test
16461,123,test
16462,836,test
16463,868,test
16465,868,test
16466,868,test
16467,123,test
16469,836,test
16471,868,test
16473,836,test
16477,123,test
16478,836,test
16479,836,test
16481,868,test
16482,927,test
16483,868,test
16484,868,test
16485,868,test
16487,868,test
16488,868,test
16490,123,test
16491,836,test
16492,836,test
16493,123,test
16494,836,test
16495,836,test
16496,836,test
16498,123,test
16499,1074,test
16503,836,test
16504,836,test
16505,836,test
16508,1074,test
16509,123,test
16512,937,test
16514,927,test
16515,927,test
16516,1081,test
16519,927,test
16520,1081,test
16521,927,test
16522,454,test
16523,912,test
16524,927,test
16526,927,test
16529,912,test
16530,927,test
16532,1081,test
16533,1081,test
16538,1072,test
16539,912,test
16540,927,test
16541,912,test
16542,1081,test
16543,1081,test
16544,927,test
16545,1072,test
16553,1080,test
16557,1080,test
16567,1080,test
16568,1080,test
16574,916,test
16579,916,test
16590,919,test
16594,836,test
16601,919,test
16606,73,test
16612,919,test
16615,1022,test
16616,1022,test
16628,895,test
16631,895,test
16633,895,test
16634,895,test
16635,895,test
16637,895,test
16639,895,test
16643,895,test
16646,895,test
16651,417,test
16652,868,test
16653,417,test
16654,868,test
16655,417,test
16659,868,test
16660,417,test
16661,868,test
16663,1138,test
16664,868,test
16665,868,test
16666,417,test
16669,936,test
16671,417,test
16672,868,test
16673,868,test
16674,417,test
16675,868,test
16676,868,test
16677,417,test
16679,868,test
16681,868,test
16683,417,test
16686,417,test
16689,868,test
16690,417,test
16694,417,test
16695,8,test
16696,1037,test
16697,989,test
16698,8,test
16699,868,test
16700,868,test
16702,867,test
16703,8,test
16706,867,test
16708,868,test
16709,868,test
16711,8,test
16716,1037,test
16718,1037,test
16722,867,test
16723,867,test
16731,8,test
16732,1037,test
16736,1025,test
16737,8,test
16739,8,test
16740,867,test
16741,1037,test
16744,1037,test
16750,1081,test
16752,1081,test
16755,1081,test
16756,1081,test
16758,1025,test
16764,1081,test
16770,37,test
16796,37,test
16798,37,test
16801,37,test
16805,834,test
16808,834,test
16810,834,test
16818,834,test
16820,834,test
16824,834,test
16828,1116,test
16829,834,test
16833,834,test
16835,834,test
16837,834,test
16838,1116,test
16839,1116,test
16843,834,test
16844,1116,test
16848,834,test
16849,834,test
16850,834,test
16853,834,test
16855,834,test
16856,834,test
16860,834,test
16866,1116,test
16867,834,test
16870,834,test
16872,834,test
16874,1116,test
16877,834,test
16880,834,test
16882,834,test
16886,834,test
16888,834,test
16894,834,test
16896,1116,test
16899,834,test
16901,834,test
16902,834,test
16911,836,test
16912,927,test
16914,927,test
16918,927,test
16919,836,test
16920,927,test
16921,927,test
16923,836,test
16924,927,test
16925,927,test
16929,927,test
16933,927,test
16934,927,test
16936,836,test
16939,836,test
16941,1081,test
16942,836,test
16947,927,test
16951,1081,test
16965,927,test
16968,1022,test
16970,927,test
16977,927,test
16979,1081,test
16980,1022,test
16982,927,test
16990,927,test
16991,1081,test
16993,927,test
16996,927,test
16997,927,test
16999,944,test
17003,1081,test
17004,927,test
17006,867,test
17008,927,test
17010,867,test
17011,927,test
17013,867,test
17014,927,test
17015,867,test
17016,927,test
17018,927,test
17019,927,test
17021,867,test
17023,867,test
17025,927,test
17027,927,test
17030,927,test
17031,867,test
17033,867,test
17034,927,test
17036,927,test
17037,927,test
17039,867,test
17043,927,test
17044,867,test
17045,867,test
17048,927,test
17049,867,test
17052,229,test
17054,229,test
17056,229,test
17057,229,test
17058,944,test
17061,944,test
17063,944,test
17064,949,test
17065,949,test
17067,836,test
17068,1089,test
17069,1037,test
17071,229,test
17077,1037,test
17078,1037,test
17079,229,test
17080,1037,test
17081,229,test
17083,229,test
17086,1037,test
17093,1037,test
17094,229,test
17095,229,test
17096,949,test
17097,229,test
17099,949,test
17137,912,test
17138,912,test
17165,446,test
17167,446,test
17173,850,test
17175,1072,test
17177,850,test
17178,1072,test
17181,836,test
17184,850,test
17187,836,test
17188,850,test
17192,850,test
17197,1072,test
17203,850,test
17211,850,test
17214,1072,test
17216,1072,test
17217,850,test
17219,850,test
17220,1072,test
17221,836,test
17226,1072,test
17228,850,test
17235,1072,test
17242,850,test
17243,850,test
17246,850,test
17252,850,test
17253,850,test
17254,1072,test
17255,836,test
17258,1072,test
17259,850,test
17260,868,test
17276,890,test
17279,868,test
17289,868,test
17291,836,test
17298,868,test
17305,868,test
17314,1022,test
17315,1022,test
17317,1022,test
17328,1022,test
17329,1022,test
17331,1022,test
17333,1022,test
17335,1022,test
17346,1022,test
17354,1022,test
17356,1022,test
17363,912,test
17365,927,test
17375,912,test
17376,927,test
17383,912,test
17384,912,test
17385,912,test
17393,912,test
17400,912,test
17401,1081,test
17420,927,test
17448,836,test
17451,964,test
17460,936,test
17461,836,test
17463,389,test
17468,389,test
17473,836,test
17478,1081,test
17479,1081,test
17480,868,test
17484,1081,test
17485,1081,test
17486,895,test
17491,1081,test
17493,1081,test
17498,1081,test
17499,1081,test
17501,1081,test
17502,1081,test
17503,1081,test
17504,1081,test
17507,1072,test
17510,1081,test
17512,1081,test
17518,1081,test
17520,868,test
17524,1081,test
17525,1081,test
17527,1081,test
17528,1081,test
17531,868,test
17532,1081,test
17535,1081,test
17538,1081,test
17539,1081,test
17540,1081,test
17542,1081,test
17544,1081,test
17549,901,test
17554,901,test
17561,515,test
17563,901,test
17575,901,test
17577,901,test
17578,901,test
17581,901,test
17592,901,test
17593,901,test
17603,616,test
17604,616,test
17606,616,test
17608,616,test
17612,616,test
17622,1080,test
17627,1080,test
17631,1080,test
17633,1080,test
17650,1080,test
17666,1080,test
17667,1080,test
17669,1080,test
17671,1080,test
17688,836,test
17690,836,test
17693,895,test
17790,936,test
17792,855,test
17805,936,test
17806,855,test
17811,936,test
17812,855,test
17816,855,test
17818,936,test
17823,855,test
17827,936,test
17833,855,test
17847,868,test
17848,1022,test
17852,855,test
17859,855,test
17861,855,test
17862,936,test
17866,936,test
17867,855,test
17877,850,test
17905,850,test
17910,1025,test
17918,936,test
17920,43,test
17921,474,test
17922,936,test
17923,936,test
17924,936,test
17926,936,test
17931,936,test
17936,936,test
17938,936,test
17939,936,test
17947,936,test
17948,936,test
17950,936,test
17951,936,test
17952,936,test
17955,936,test
17956,936,test
17960,936,test
17962,936,test
17967,927,test
17996,895,test
17998,1089,test
18007,895,test
18020,1089,test
18033,836,test
18044,895,test
18046,1089,test
18050,1022,test
18053,765,test
18054,867,test
18055,867,test
18056,867,test
18058,867,test
18059,867,test
18062,867,test
18068,834,test
18070,834,test
18071,834,test
18074,834,test
18075,834,test
18076,834,test
18077,834,test
18079,834,test
18084,834,test
18086,834,test
18089,834,test
18090,834,test
18095,834,test
18096,834,test
18098,895,test
18100,834,test
18102,834,test
18104,834,test
18105,834,test
18106,834,test
18111,834,test
18113,850,test
18115,895,test
18117,850,test
18118,895,test
18123,895,test
18126,850,test
18128,1089,test
18132,1089,test
18134,1089,test
18137,650,test
18142,650,test
18164,1037,test
18169,868,test
18181,812,test
18194,350,test
18197,350,test
18205,350,test
18207,325,test
18208,350,test
18209,350,test
18212,607,test
18213,607,test
18215,350,test
18224,350,test
18231,607,test
18232,836,test
18233,836,test
18234,1089,test
18237,1072,test
18240,1072,test
18248,1089,test
18252,836,test
18255,361,test
18256,1072,test
18257,1089,test
18258,1022,test
18264,1081,test
18275,940,test
18279,1033,test
18281,1025,test
18285,1081,test
18286,1081,test
18290,1081,test
18292,1081,test
18298,1081,test
18305,1022,test
18308,1081,test
18310,1081,test
18311,1081,test
18313,1022,test
18315,1112,test
18332,1112,test
18375,1112,test
18383,850,test
18384,850,test
18385,850,test
18387,850,test
18388,850,test
18390,850,test
18391,850,test
18393,850,test
18414,850,test
18426,850,test
18431,1022,test
18433,850,test
18435,850,test
18440,850,test
18444,850,test
18453,850,test
18454,660,test
18455,871,test
18457,850,test
18459,850,test
18464,1080,test
18472,892,test
18473,892,test
18474,1080,test
18475,1080,test
18477,1080,test
18479,1080,test
18482,1080,test
18483,1080,test
18484,1080,test
18486,1080,test
18488,1072,test
18489,936,test
18490,936,test
18491,936,test
18492,936,test
18493,1081,test
18494,1081,test
18496,1081,test
18498,936,test
18501,868,test
18502,1081,test
18503,936,test
18505,936,test
18506,1081,test
18507,936,test
18508,936,test
18509,1081,test
18510,936,test
18511,936,test
18512,936,test
18516,1080,test
18520,1080,test
18522,1080,test
18538,1074,test
18539,1033,test
18545,1080,test
18547,1080,test
18550,1074,test
18559,1080,test
18560,1033,test
18561,1080,test
18564,1080,test
18593,952,test
18594,952,test
18598,952,test
18601,895,test
18607,867,test
18608,1081,test
18610,1081,test
18614,895,test
18615,867,test
18625,867,test
18629,1081,test
18634,1072,test
18637,1025,test
18639,1000,test
18640,1081,test
18642,867,test
18643,867,test
18644,867,test
18645,867,test
18647,867,test
18648,867,test
18649,101,test
18652,895,test
18653,895,test
18654,867,test
18658,867,test
18659,1025,test
18664,1081,test
18668,1025,test
18683,1080,test
18725,1025,test
18739,850,test
18768,868,test
18770,868,test
18772,868,test
18775,868,test
18793,1025,test
18814,868,test
18820,1033,test
18822,850,test
18827,1081,test
18828,850,test
18829,1033,test
18830,1033,test
18832,1069,test
18835,850,test
18836,1081,test
18839,850,test
18841,1081,test
18843,1081,test
18845,1081,test
18850,1081,test
18853,1081,test
18856,1081,test
18858,1081,test
18859,1033,test
18862,850,test
18863,1081,test
18864,1081,test
18870,1074,test
18872,850,test
18873,1081,test
18882,851,test
18934,69,test
18937,673,test
18941,960,test
18943,960,test
18945,960,test
18954,960,test
18966,960,test
18978,960,test
18989,960,test
19012,949,test
19014,990,test
19016,949,test
19022,905,test
19024,905,test
19025,905,test
19027,905,test
19028,905,test
19031,905,test
19035,905,test
19036,905,test
19037,871,test
19039,905,test
19040,905,test
19042,952,test
19043,952,test
19047,850,test
19051,850,test
19055,952,test
19056,850,test
19057,952,test
19063,850,test
19065,952,test
19066,452,test
19067,850,test
19068,850,test
19073,850,test
19077,452,test
19078,850,test
19081,850,test
19083,952,test
19084,867,test
19090,1015,test
19091,1025,test
19095,1025,test
19101,1015,test
19112,1015,test
19151,1025,test
19158,1015,test
19175,868,test
19181,1080,test
19182,1089,test
19186,1020,test
19190,1080,test
19192,1020,test
19198,1080,test
19200,1080,test
19201,1020,test
19204,1020,test
19206,1080,test
19208,1020,test
19210,1089,test
19211,1089,test
19213,1020,test
19215,1020,test
19224,1080,test
19229,1080,test
19231,1080,test
19257,1089,test
19261,195,test
19271,868,test
19273,868,test
19274,868,test
19277,868,test
19279,868,test
19280,868,test
19284,868,test
19286,868,test
19287,868,test
19293,1022,test
19310,871,test
19311,1025,test
19313,1022,test
19317,1081,test
19318,895,test
19319,1081,test
19321,1081,test
19324,1081,test
19325,1081,test
19327,1081,test
19328,1081,test
19329,867,test
19330,1081,test
19331,867,test
19332,871,test
19333,1081,test
19335,1081,test
19336,1081,test
19337,1081,test
19342,1081,test
19344,1081,test
19345,1081,test
19346,1081,test
19347,867,test
19348,867,test
19350,867,test
19351,1081,test
19352,1081,test
19353,1081,test
19354,867,test
19356,1081,test
19357,1081,test
19358,867,test
19359,1081,test
19360,1081,test
19361,871,test
19364,1081,test
19367,1081,test
19369,1081,test
19370,867,test
19378,823,test
19380,1080,test
19382,823,test
19387,1080,test
19391,823,test
19404,834,test
19408,834,test
19411,834,test
19412,834,test
19424,770,test
19432,770,test
19436,834,test
19440,353,test
19447,834,test
19448,834,test
19450,1081,test
19451,895,test
19456,1081,test
19460,1081,test
19461,895,test
19466,895,test
19467,1081,test
19470,895,test
19472,895,test
19478,1081,test
19486,895,test
19489,895,test
19491,895,test
19493,1081,test
19499,895,test
19501,949,test
19538,936,test
19552,1080,test
19560,1080,test
19583,1080,test
19602,1037,test
19603,535,test
19607,535,test
19609,1037,test
19611,1037,test
19612,836,test
19619,535,test
19620,1037,test
19637,1037,test
19641,1037,test
19643,836,test
19676,1022,test
19683,927,test
19685,1022,test
19692,927,test
19699,871,test
19708,871,test
19724,927,test
19730,990,test
19759,868,test
19781,871,test
19787,836,test
19794,868,test
19798,943,test
19802,1011,test
19805,868,test
19811,868,test
19813,1080,test
19816,1080,test
19819,1080,test
19824,1080,test
19835,1080,test
19838,1080,test
19847,1080,test
19853,250,test
19857,1080,test
19863,1080,test
19869,250,test
19877,964,test
19880,1080,test
19883,964,test
19885,1080,test
19886,964,test
19893,964,test
19900,964,test
19913,964,test
19924,964,test
19927,1019,test
19933,1022,test
19939,1141,test
19941,836,test
19948,848,test
19952,1141,test
19954,836,test
19957,912,test
19960,1141,test
19967,836,test
19972,836,test
19975,912,test
19985,836,test
19993,1141,test
19998,912,test
20002,836,test
20006,927,test
20008,853,test
20011,927,test
20013,853,test
20020,853,test
20023,853,test
20028,1081,test
20030,868,test
20031,1037,test
20033,895,test
20034,895,test
20035,1037,test
20036,1037,test
20037,1037,test
20038,895,test
20039,1037,test
20040,868,test
20044,895,test
20045,1081,test
20046,1037,test
20047,1037,test
20048,1037,test
20049,1037,test
20050,1037,test
20053,1037,test
20055,1037,test
20057,868,test
20059,868,test
20060,1081,test
20061,1037,test
20062,895,test
20064,1037,test
20065,895,test
20069,823,test
20070,823,test
20071,936,test
20074,823,test
20079,823,test
20082,823,test
20085,936,test
20097,823,test
20099,823,test
20100,823,test
20101,823,test
20102,868,test
20107,823,test
20114,868,test
20141,823,test
20145,823,test
20148,868,test
20194,1004,test
20196,1004,test
20197,1004,test
20204,834,test
20211,1004,test
20235,895,test
20240,868,test
20243,927,test
20244,895,test
20248,927,test
20251,927,test
20259,927,test
20261,927,test
20263,927,test
20266,895,test
20270,927,test
20273,895,test
20281,1033,test
20288,1089,test
20291,1033,test
20299,1089,test
20312,1074,test
20324,871,test
20325,1022,test
20327,823,test
20330,836,test
20339,1074,test
20347,823,test
20350,871,test
20358,836,test
20366,322,test
20373,322,test
20376,718,test
20379,1025,test
20383,1025,test
20384,936,test
20385,1025,test
20394,1074,test
20413,858,test
20419,858,test
20429,867,test
20431,1081,test
20437,1081,test
20443,1089,test
20445,1089,test
20483,834,test
20487,834,test
20489,834,test
20491,850,test
20496,850,test
20497,936,test
20500,834,test
20505,834,test
20507,834,test
20509,834,test
20514,834,test
20516,834,test
20520,834,test
20525,834,test
20526,834,test
20527,850,test
20528,834,test
20531,834,test
20532,834,test
20533,834,test
20535,850,test
20543,499,test
20544,855,test
20550,867,test
20551,867,test
20552,867,test
20553,867,test
20555,1025,test
20558,855,test
20560,867,test
20565,855,test
20567,867,test
20569,867,test
20573,1025,test
20588,1118,test
20602,1112,test
20603,920,test
20616,1112,test
20624,1112,test
20625,1112,test
20630,1112,test
20640,927,test
20652,949,test
20656,949,test
20657,949,test
20670,927,test
20671,927,test
20682,1025,test
20684,927,test
20688,927,test
20693,927,test
20694,927,test
20699,1025,test
20708,927,test
20710,927,test
20712,927,test
20714,927,test
20727,1037,test
20736,1037,test
20747,1037,test
20749,867,test
20754,1037,test
20758,1037,test
20761,1037,test
20788,1022,test
20791,1022,test
20805,1097,test
20826,1097,test
20844,1097,test
20845,940,test
20856,1022,test
20904,890,test
20909,868,test
20914,868,test
20916,1089,test
20918,868,test
20919,868,test
20924,1089,test
20927,1089,test
20928,868,test
20930,868,test
20959,895,test
20966,895,test
20970,895,test
20971,895,test
20973,895,test
20974,895,test
20978,895,test
20980,895,test
20983,895,test
20987,895,test
20989,895,test
20990,895,test
20993,913,test
20997,895,test
21003,895,test
21004,895,test
21005,895,test
21006,912,test
21008,895,test
21011,895,test
21012,895,test
21013,895,test
21015,895,test
21017,895,test
21023,895,test
21024,895,test
21027,895,test
21029,895,test
21032,936,test
21033,850,test
21039,936,test
21043,936,test
21049,850,test
21056,936,test
21069,936,test
21100,871,test
21114,858,test
21129,871,test
21143,858,test
21149,858,test
21181,858,test
21186,858,test
21190,1081,test
21213,1081,test
21220,1081,test
21228,936,test
21230,936,test
21232,949,test
21237,1022,test
21241,949,test
21242,1022,test
21249,1022,test
21250,1022,test
21252,1022,test
21254,936,test
21257,936,test
21260,1022,test
21261,936,test
21264,936,test
21265,1022,test
21267,936,test
21271,868,test
21308,823,test
21310,836,test
21311,823,test
21313,823,test
21315,823,test
21316,823,test
21317,823,test
21322,823,test
21324,823,test
21329,823,test
21330,823,test
21336,823,test
21344,823,test
21354,850,test
21358,823,test
21364,823,test
21365,850,test
21368,823,test
21370,836,test
21371,823,test
21372,850,test
21374,1022,test
21377,836,test
21389,850,test
21393,836,test
21394,823,test
21395,823,test
21397,836,test
21399,850,test
21403,1081,test
21404,1033,test
21406,1169,test
21407,1081,test
21408,1033,test
21422,895,test
21425,990,test
21426,895,test
21435,576,test
21436,576,test
21437,1080,test
21439,576,test
21451,576,test
21453,576,test
21463,576,test
21483,576,test
21488,855,test
21489,855,test
21495,855,test
21502,855,test
21505,1022,test
21506,855,test
21507,1022,test
21508,1022,test
21510,1022,test
21514,1022,test
21515,1022,test
21519,1022,test
21520,1022,test
21522,1022,test
21525,1081,test
21528,1081,test
21537,895,test
21543,936,test
21544,936,test
21557,936,test
21563,1025,test
21578,936,test
21580,936,test
21582,936,test
21584,936,test
21585,936,test
21586,936,test
21589,936,test
21596,1089,test
21600,1089,test
21609,868,test
21621,868,test
21623,868,test
21626,1089,test
21645,868,test
21677,927,test
21680,1025,test
21688,1033,test
21693,51,test
21694,1033,test
21704,895,test
21705,895,test
21706,895,test
21710,895,test
21713,895,test
21715,895,test
21717,1033,test
21721,1033,test
21723,895,test
21726,895,test
21730,1033,test
21731,1033,test
21740,1033,test
21748,1097,test
21764,1097,test
21767,1033,test
21771,1097,test
21799,1024,test
21817,867,test
21821,867,test
21831,867,test
21833,867,test
21842,1080,test
21843,868,test
21852,868,test
21872,1080,test
21874,868,test
21882,1022,test
21890,969,test
21896,1022,test
21904,969,test
21909,1080,test
21913,969,test
21915,969,test
21931,1080,test
21942,1022,test
21947,1080,test
21948,1080,test
21950,1022,test
21953,1080,test
21957,1011,test
21961,1011,test
21962,1011,test
21963,1074,test
21970,1011,test
21972,1011,test
21975,1011,test
21985,1074,test
21989,1089,test
22007,1089,test
22008,1089,test
22024,834,test
22039,1089,test
22047,1089,test
22052,850,test
22053,1020,test
22054,850,test
22055,850,test
22056,850,test
22057,1033,test
22058,850,test
22059,850,test
22060,850,test
22061,1033,test
22062,850,test
22063,850,test
22064,850,test
22066,850,test
22067,1011,test
22068,850,test
22069,850,test
22070,850,test
22071,850,test
22072,850,test
22073,850,test
22074,850,test
22075,850,test
22076,850,test
22080,850,test
22081,850,test
22082,850,test
22083,1081,test
22084,582,test
22085,850,test
22086,850,test
22087,850,test
22088,582,test
22089,850,test
22091,850,test
22093,850,test
22094,850,test
22095,850,test
22096,1011,test
22115,1074,test
22127,1074,test
22130,1074,test
22135,1074,test
22155,1074,test
22160,1074,test
22188,920,test
22199,858,test
22200,858,test
22204,858,test
22210,1072,test
22216,784,test
22226,1024,test
22232,1025,test
22267,867,test
22268,867,test
22271,867,test
22298,867,test
22305,867,test
22311,867,test
22326,316,test
22328,1072,test
22330,449,test
22331,1072,test
22332,316,test
22334,1072,test
22335,316,test
22337,316,test
22338,895,test
22340,316,test
22341,927,test
22342,1072,test
22343,316,test
22344,927,test
22345,1072,test
22346,316,test
22347,1072,test
22348,316,test
22349,1072,test
22350,1072,test
22352,316,test
22354,927,test
22356,316,test
22358,316,test
22359,1072,test
22360,1072,test
22361,316,test
22362,316,test
22363,927,test
22364,1072,test
22365,1072,test
22367,316,test
22368,1072,test
22369,1072,test
22370,1072,test
22372,1072,test
22373,927,test
22374,316,test
22375,1072,test
22376,1072,test
22377,1072,test
22378,1072,test
22379,1072,test
22380,927,test
22383,1072,test
22384,1072,test
22385,1072,test
22387,1072,test
22390,868,test
22399,868,test
22400,868,test
22402,1033,test
22404,868,test
22409,868,test
22410,868,test
22413,868,test
22414,868,test
22417,868,test
22419,868,test
22420,868,test
22421,868,test
22425,868,test
22427,836,test
22430,868,test
22437,868,test
22438,868,test
22441,868,test
22442,868,test
22445,836,test
22447,868,test
22449,868,test
22450,868,test
22453,868,test
22456,948,test
22479,948,test
22481,948,test
22494,1033,test
22495,1037,test
22496,1033,test
22497,895,test
22498,1033,test
22499,1033,test
22501,1033,test
22502,867,test
22506,850,test
22508,1033,test
22511,867,test
22513,1033,test
22516,1037,test
22517,895,test
22518,895,test
22519,867,test
22520,1033,test
22521,1033,test
22522,1037,test
22523,1037,test
22525,1033,test
22527,895,test
22528,850,test
22529,867,test
22530,1037,test
22531,1037,test
22533,1037,test
22534,850,test
22535,1033,test
22536,867,test
22537,1037,test
22538,895,test
22539,1033,test
22540,1033,test
22541,895,test
22542,1037,test
22543,1033,test
22545,1037,test
22549,850,test
22551,867,test
22557,1033,test
22558,895,test
22559,867,test
22560,867,test
22561,1033,test
22562,1037,test
22563,1033,test
22566,867,test
22568,867,test
22571,867,test
22600,1025,test
22603,1081,test
22604,1081,test
22608,895,test
22609,1081,test
22611,1081,test
22618,1081,test
22626,895,test
22628,895,test
22629,1081,test
22634,1081,test
22638,895,test
22641,895,test
22642,1081,test
22647,1081,test
22650,895,test
22651,895,test
22654,1081,test
22656,1081,test
22657,895,test
22659,1081,test
22660,1081,test
22661,1022,test
22708,937,test
22745,895,test
22757,895,test
22765,895,test
22773,949,test
22777,836,test
22778,1025,test
22783,836,test
22785,836,test
22805,1081,test
22807,1081,test
22824,1020,test
22849,895,test
22852,905,test
22854,1080,test
22856,905,test
22861,905,test
22864,895,test
22866,895,test
22877,895,test
22878,895,test
22884,895,test
22885,895,test
22891,895,test
22894,895,test
22895,895,test
22898,895,test
22900,895,test
22901,895,test
22902,895,test
22903,895,test
22904,1020,test
22906,895,test
22907,895,test
22910,895,test
22914,895,test
22919,895,test
22921,1020,test
22923,905,test
22924,1020,test
22930,895,test
22931,895,test
22933,1020,test
22938,895,test
22939,895,test
22942,1020,test
22946,895,test
22950,905,test
22951,1020,test
22955,895,test
22956,1020,test
22967,895,test
22968,895,test
22976,895,test
22982,1089,test
22985,1089,test
22990,1089,test
23002,1024,test
23003,1024,test
23009,681,test
23012,1024,test
23013,1024,test
23016,1089,test
23017,867,test
23018,836,test
23022,836,test
23023,868,test
23025,1080,test
23026,868,test
23028,940,test
23029,990,test
23030,867,test
23031,1080,test
23032,868,test
23033,868,test
23034,940,test
23035,1080,test
23038,1080,test
23039,940,test
23040,940,test
23045,940,test
23048,1080,test
23054,868,test
23055,867,test
23056,867,test
23058,940,test
23074,1081,test
23075,1080,test
23102,1015,test
23107,1015,test
23108,1081,test
23114,1015,test
23121,868,test
23122,1015,test
23123,1015,test
23158,936,test
23197,940,test
23200,1033,test
23201,834,test
23208,1033,test
23214,834,test
23219,1089,test
23227,940,test
23232,940,test
23238,823,test
23244,823,test
23250,1081,test
23251,823,test
23253,1081,test
23259,1020,test
23260,823,test
23262,823,test
23267,823,test
23268,823,test
23273,823,test
23275,823,test
23276,1020,test
23278,1020,test
23281,823,test
23287,823,test
23288,1081,test
23295,823,test
23296,823,test
23306,823,test
23307,1020,test
23308,1081,test
23309,1020,test
23311,823,test
23317,823,test
23319,823,test
23322,936,test
23323,834,test
23335,834,test
23337,834,test
23342,834,test
23346,834,test
23349,834,test
23350,834,test
23354,834,test
23355,834,test
23357,834,test
23358,834,test
23360,834,test
23361,834,test
23362,834,test
23366,834,test
23369,1080,test
23376,1080,test
23384,834,test
23387,834,test
23389,834,test
23392,834,test
23394,834,test
23398,834,test
23400,834,test
23401,834,test
23402,834,test
23404,834,test
23408,1080,test
23409,850,test
23410,1020,test
23415,1020,test
23417,850,test
23419,1020,test
23421,850,test
23425,430,test
23435,262,test
23438,181,test
23446,855,test
23449,262,test
23450,964,test
23457,262,test
23461,262,test
23463,262,test
23469,262,test
23471,262,test
23472,855,test
